email,daily_price,pet_type
asalt0@ihg.com,0.00,Rabbit
zgodehardsf1@acquirethisname.com,0.00,Iguana
dscone2@fc2.com,0.00,Snake
tjozwik3@wsj.com,0.00,Newt
kacock4@prlog.org,0.00,Bird
jcluckie5@vimeo.com,0.00,Hamster
iscothorn6@bravesites.com,0.00,Ferret
taddicote7@samsung.com,0.00,Dog
esuggate8@surveymonkey.com,0.00,Newt
llenthall9@icq.com,0.00,Hedgehog
rparisa@yellowbook.com,0.00,Hedgehog
ggrundb@phoca.cz,0.00,Hedgehog
hsiretc@wordpress.org,0.00,Bird
clemonnierd@clickbank.net,0.00,Horse
kwaldrume@addtoany.com,0.00,Horse
qgossanf@hatena.ne.jp,0.00,Frog
legdellg@cyberchimps.com,0.00,Horse
cgoodersonh@cnbc.com,0.00,Cat
tkalinowskyi@zimbio.com,0.00,Gerbil
fbloggj@europa.eu,0.00,Toad
rlanchberyk@bbc.co.uk,0.00,Rabbit
cmcwilliaml@bigcartel.com,0.00,Iguana
omontacutem@issuu.com,0.00,Rat
bborghesen@ucsd.edu,0.00,Bird
wemmanuelio@techcrunch.com,0.00,Rat
sgregoriop@google.de,0.00,Dog
rduckq@mapquest.com,0.00,Newt
proomer@usnews.com,0.00,Rabbit
ebaybutts@wordpress.org,0.00,Stick-Bugs
kpinchint@multiply.com,0.00,Hamster
oervinu@cafepress.com,0.00,Frog
mbalmannv@google.ca,0.00,Iguana
cyurinovw@free.fr,0.00,Ant Farm
rgookesx@addtoany.com,0.00,Alpaca
lsmyleyy@wordpress.com,0.00,Frog
wslocombz@altervista.org,0.00,Newt
dfarren10@ucla.edu,0.00,Guinea Pig
koverstreet11@jimdo.com,0.00,Turtle
iwhittingham12@diigo.com,0.00,Fish
ocleaveland13@hostgator.com,0.00,Pig
vbleything14@a8.net,0.00,Ant Farm
hdumingos15@chron.com,0.00,Spider
gesson16@hatena.ne.jp,0.00,Rabbit
njustis17@istockphoto.com,0.00,Dog
scesaric18@google.co.jp,0.00,Iguana
ijeannesson19@creativecommons.org,0.00,Hedgehog
cvearncomb1a@dell.com,0.00,Ferret
scanham1b@techcrunch.com,0.00,Sheep
eorpen1c@ebay.com,0.00,Ant Farm
rswetland1d@skyrock.com,0.00,Hamster
cfulford1e@hatena.ne.jp,0.00,Turtle
hdrackford1f@i2i.jp,0.00,Mantis
usindall1g@symantec.com,0.00,Dog
ggarbett1h@yolasite.com,0.00,Turtle
brumbold1i@intel.com,0.00,Iguana
apavkovic1j@cbsnews.com,0.00,Rat
lhenrichsen1k@tripod.com,0.00,Dog
hslarke1l@ucoz.com,0.00,Spider
thyndson1m@alibaba.com,0.00,Iguana
ahinckesman1n@delicious.com,0.00,Fish
bcraigg1o@edublogs.org,0.00,Hermit Crab
ggrosier1p@baidu.com,0.00,Tortoise
ndoy1q@tripadvisor.com,0.00,Hermit Crab
ocorradeschi1r@mozilla.org,0.00,Alpaca
jgeffinger1s@blog.com,0.00,Iguana
bclaessens1t@printfriendly.com,0.00,Newt
qjahan1u@skype.com,0.00,Spider
sodonovan1v@wired.com,0.00,Gerbil
pbocken1w@amazon.de,0.00,Gerbil
dbowes1x@drupal.org,0.00,Gerbil
hyewdell1y@scribd.com,0.00,Hermit Crab
sjedrychowski1z@creativecommons.org,0.00,Sheep
emattek20@examiner.com,0.00,Pig
dbriers21@toplist.cz,0.00,Toad
aealam22@fotki.com,0.00,Snake
pgethouse23@smh.com.au,0.00,Gerbil
scashman24@independent.co.uk,0.00,Dog
lmongeot25@fastcompany.com,0.00,Bird
glittler26@tripod.com,0.00,Hamster
gcuesta27@flavors.me,0.00,Ant Farm
dbentall28@google.nl,0.00,Stick-Bugs
sbutland29@skyrock.com,0.00,Rat
kbrookz2a@drupal.org,0.00,Gecko
dde2b@yale.edu,0.00,Fish
barnolds2c@bluehost.com,0.00,Rabbit
nselvester2d@cornell.edu,0.00,Spider
gmcreidy2e@epa.gov,0.00,Newt
ivenus2f@deliciousdays.com,0.00,Ferret
abarnet2g@stanford.edu,0.00,Pig
sstuehmeier2h@cdbaby.com,0.00,Guinea Pig
bbroadbury2i@biglobe.ne.jp,0.00,Newt
lstanyforth2j@amazon.co.jp,0.00,Rabbit
scockrell2k@angelfire.com,0.00,Hermit Crab
omacsweeney2l@dailymail.co.uk,0.00,Rat
lcollick2m@latimes.com,0.00,Gecko
ritzkov2n@imdb.com,0.00,Ant Farm
ajilliss2o@gizmodo.com,0.00,Tortoise
ahailwood2p@bloomberg.com,0.00,Spider
araden2q@hatena.ne.jp,0.00,Bird
rshillom2r@skype.com,0.00,Alpaca
mdhooge2s@sfgate.com,0.00,Rabbit
fleer2t@princeton.edu,0.00,Guinea Pig
ftrobey2u@istockphoto.com,0.00,Toad
racreman2v@jugem.jp,0.00,Rat
teverit2w@privacy.gov.au,0.00,Hermit Crab
santhes2x@wunderground.com,0.00,Ant Farm
lgullivent2y@toplist.cz,0.00,Toad
hnaisbet2z@huffingtonpost.com,0.00,Cat
hlease30@live.com,0.00,Newt
awyett31@ebay.co.uk,0.00,Gerbil
ctipton32@ask.com,0.00,Bird
bmcausland33@freewebs.com,0.00,Guinea Pig
mpressnell34@elpais.com,0.00,Hedgehog
fbromley35@ucla.edu,0.00,Iguana
jpavolini36@yellowbook.com,0.00,Stick-Bugs
rgisby37@webnode.com,0.00,Rat
gostler38@istockphoto.com,0.00,Rat
braynes39@discovery.com,0.00,Newt
gbenoix3a@weibo.com,0.00,Stick-Bugs
eassinder3b@123-reg.co.uk,0.00,Ferret
bgarioch3c@ycombinator.com,0.00,Rabbit
ksawood3d@slate.com,0.00,Guinea Pig
salu3e@wisc.edu,0.00,Alpaca
mbilsland3f@blog.com,0.00,Frog
mbeauly3g@delicious.com,0.00,Dog
gstrut3h@mtv.com,0.00,Cat
aduplain3i@biblegateway.com,0.00,Stick-Bugs
wproback3j@businessweek.com,0.00,Fish
mreeve3k@craigslist.org,0.00,Guinea Pig
fbemrose3l@nymag.com,0.00,Mantis
vraun3m@mayoclinic.com,0.00,Frog
rtrainer3n@virginia.edu,0.00,Bird
mmanoelli3o@biglobe.ne.jp,0.00,Salamander
jhails3p@accuweather.com,0.00,Stick-Bugs
cst3q@hatena.ne.jp,0.00,Toad
gthaller3r@instagram.com,0.00,Rat
ealbert3s@cbslocal.com,0.00,Spider
melles3t@google.pl,0.00,Ferret
arogeon3u@hibu.com,0.00,Sheep
bmackaile3v@hatena.ne.jp,0.00,Mantis
rbozworth3w@vkontakte.ru,0.00,Gerbil
tsirey3x@marketwatch.com,0.00,Cat
smartino3y@oaic.gov.au,0.00,Alpaca
gcorrado3z@nyu.edu,0.00,Fish
clurner40@blog.com,0.00,Stick-Bugs
rsillars41@boston.com,0.00,Tortoise
jjahndel42@blogtalkradio.com,0.00,Iguana
kmeriel43@independent.co.uk,0.00,Frog
vscuse44@hostgator.com,0.00,Hedgehog
tpllu45@google.nl,0.00,Pig
soldroyde46@vk.com,0.00,Hedgehog
rpietranek47@dmoz.org,0.00,Rabbit
nbarringer48@who.int,0.00,Gecko
gcrellim49@nationalgeographic.com,0.00,Iguana
kgretham4a@redcross.org,0.00,Pig
mdoles4b@home.pl,0.00,Guinea Pig
mcaldera4c@blogger.com,0.00,Mantis
bjoesbury4d@yahoo.co.jp,0.00,Rabbit
hzorer4e@nbcnews.com,0.00,Alpaca
cchristophers4f@dedecms.com,0.00,Hamster
raireton4g@yale.edu,0.00,Fish
twickerson4h@psu.edu,0.00,Newt
rceller4i@slideshare.net,0.00,Cat
ljanusik4j@imdb.com,0.00,Hermit Crab
galyokhin4k@scribd.com,0.00,Alpaca
abuckerfield4l@eepurl.com,0.00,Toad
muppett4m@imgur.com,0.00,Dog
banglish4n@sourceforge.net,0.00,Salamander
ddecent4o@yahoo.com,0.00,Iguana
ehellicar4p@go.com,0.00,Ant Farm
bpavis4q@msn.com,0.00,Dog
mcomfort4r@slate.com,0.00,Gecko
awinny4s@un.org,0.00,Sheep
gtrundler4t@cam.ac.uk,0.00,Rabbit
mpole4u@goo.gl,0.00,Stick-Bugs
twaples4v@alexa.com,0.00,Bird
so4w@engadget.com,0.00,Toad
mo4x@npr.org,0.00,Ferret
lgrinov4y@canalblog.com,0.00,Ferret
smcinnery4z@nbcnews.com,0.00,Ant Farm
tlaxston50@nyu.edu,0.00,Mantis
bsausman51@house.gov,0.00,Cat
ballon52@jalbum.net,0.00,Hedgehog
ekarlolak53@clickbank.net,0.00,Iguana
aspatoni54@mac.com,0.00,Ant Farm
emccorry55@bbb.org,0.00,Hedgehog
rfernihough56@sitemeter.com,0.00,Bird
gmacgibbon57@digg.com,0.00,Bird
iivachyov58@globo.com,0.00,Hedgehog
bbezzant59@simplemachines.org,0.00,Guinea Pig
rgoodlife5a@bigcartel.com,0.00,Rabbit
pboldecke5b@newyorker.com,0.00,Bird
cround5c@about.me,0.00,Dog
hwilce5d@parallels.com,0.00,Pig
cfrancomb5e@miitbeian.gov.cn,0.00,Cat
dslyman5f@telegraph.co.uk,0.00,Frog
mtibbles5g@sohu.com,0.00,Gecko
eportwaine5h@people.com.cn,0.00,Bird
raust5i@joomla.org,0.00,Hamster
dpittendreigh5j@photobucket.com,0.00,Newt
asalt0@ihg.com,0.00,Turtle
zgodehardsf1@acquirethisname.com,0.00,Hermit Crab
dscone2@fc2.com,0.00,Turtle
tjozwik3@wsj.com,0.00,Spider
kacock4@prlog.org,0.00,Frog
jcluckie5@vimeo.com,0.00,Alpaca
iscothorn6@bravesites.com,0.00,Dog
taddicote7@samsung.com,0.00,Gerbil
esuggate8@surveymonkey.com,0.00,Hamster
llenthall9@icq.com,0.00,Ferret
rparisa@yellowbook.com,0.00,Cat
ggrundb@phoca.cz,0.00,Tortoise
hsiretc@wordpress.org,0.00,Pig
clemonnierd@clickbank.net,0.00,Stick-Bugs
kwaldrume@addtoany.com,0.00,Hamster
qgossanf@hatena.ne.jp,0.00,Mantis
legdellg@cyberchimps.com,0.00,Iguana
cgoodersonh@cnbc.com,0.00,Gerbil
tkalinowskyi@zimbio.com,0.00,Horse
fbloggj@europa.eu,0.00,Hamster
rlanchberyk@bbc.co.uk,0.00,Frog
cmcwilliaml@bigcartel.com,0.00,Gerbil
omontacutem@issuu.com,0.00,Cat
bborghesen@ucsd.edu,0.00,Iguana
wemmanuelio@techcrunch.com,0.00,Guinea Pig
sgregoriop@google.de,0.00,Toad
rduckq@mapquest.com,0.00,Gerbil
proomer@usnews.com,0.00,Alpaca
ebaybutts@wordpress.org,0.00,Fish
kpinchint@multiply.com,0.00,Dog
oervinu@cafepress.com,0.00,Rabbit
mbalmannv@google.ca,0.00,Horse
cyurinovw@free.fr,0.00,Sheep
rgookesx@addtoany.com,0.00,Cat
lsmyleyy@wordpress.com,0.00,Hedgehog
wslocombz@altervista.org,0.00,Iguana
dfarren10@ucla.edu,0.00,Iguana
koverstreet11@jimdo.com,0.00,Newt
iwhittingham12@diigo.com,0.00,Gecko
ocleaveland13@hostgator.com,0.00,Alpaca
vbleything14@a8.net,0.00,Spider
hdumingos15@chron.com,0.00,Turtle
gesson16@hatena.ne.jp,0.00,Newt
njustis17@istockphoto.com,0.00,Frog
scesaric18@google.co.jp,0.00,Bird
ijeannesson19@creativecommons.org,0.00,Pig
cvearncomb1a@dell.com,0.00,Bird
scanham1b@techcrunch.com,0.00,Fish
eorpen1c@ebay.com,0.00,Bird
rswetland1d@skyrock.com,0.00,Pig
cfulford1e@hatena.ne.jp,0.00,Ant Farm
hdrackford1f@i2i.jp,0.00,Turtle
usindall1g@symantec.com,0.00,Rabbit
ggarbett1h@yolasite.com,0.00,Dog
brumbold1i@intel.com,0.00,Cat
apavkovic1j@cbsnews.com,0.00,Alpaca
lhenrichsen1k@tripod.com,0.00,Hamster
hslarke1l@ucoz.com,0.00,Frog
thyndson1m@alibaba.com,0.00,Tortoise
ahinckesman1n@delicious.com,0.00,Tortoise
bcraigg1o@edublogs.org,0.00,Horse
ggrosier1p@baidu.com,0.00,Toad
ndoy1q@tripadvisor.com,0.00,Mantis
ocorradeschi1r@mozilla.org,0.00,Stick-Bugs
jgeffinger1s@blog.com,0.00,Ant Farm
bclaessens1t@printfriendly.com,0.00,Rabbit
qjahan1u@skype.com,0.00,Tortoise
sodonovan1v@wired.com,0.00,Pig
pbocken1w@amazon.de,0.00,Snake
dbowes1x@drupal.org,0.00,Snake
hyewdell1y@scribd.com,0.00,Pig
sjedrychowski1z@creativecommons.org,0.00,Pig
emattek20@examiner.com,0.00,Horse
dbriers21@toplist.cz,0.00,Frog
aealam22@fotki.com,0.00,Frog
pgethouse23@smh.com.au,0.00,Toad
scashman24@independent.co.uk,0.00,Newt
lmongeot25@fastcompany.com,0.00,Rat
glittler26@tripod.com,0.00,Stick-Bugs
gcuesta27@flavors.me,0.00,Dog
dbentall28@google.nl,0.00,Tortoise
sbutland29@skyrock.com,0.00,Ferret
kbrookz2a@drupal.org,0.00,Fish
dde2b@yale.edu,0.00,Spider
barnolds2c@bluehost.com,0.00,Newt
nselvester2d@cornell.edu,0.00,Mantis
gmcreidy2e@epa.gov,0.00,Frog
ivenus2f@deliciousdays.com,0.00,Newt
abarnet2g@stanford.edu,0.00,Hermit Crab
sstuehmeier2h@cdbaby.com,0.00,Hamster
bbroadbury2i@biglobe.ne.jp,0.00,Toad
lstanyforth2j@amazon.co.jp,0.00,Salamander
scockrell2k@angelfire.com,0.00,Ferret
omacsweeney2l@dailymail.co.uk,0.00,Ant Farm
lcollick2m@latimes.com,0.00,Ferret
ritzkov2n@imdb.com,0.00,Snake
ajilliss2o@gizmodo.com,0.00,Stick-Bugs
ahailwood2p@bloomberg.com,0.00,Gerbil
araden2q@hatena.ne.jp,0.00,Ant Farm
rshillom2r@skype.com,0.00,Hedgehog
mdhooge2s@sfgate.com,0.00,Stick-Bugs
fleer2t@princeton.edu,0.00,Toad
ftrobey2u@istockphoto.com,0.00,Snake
racreman2v@jugem.jp,0.00,Guinea Pig
teverit2w@privacy.gov.au,0.00,Spider
santhes2x@wunderground.com,0.00,Fish
lgullivent2y@toplist.cz,0.00,Mantis
hnaisbet2z@huffingtonpost.com,0.00,Turtle
hlease30@live.com,0.00,Horse
awyett31@ebay.co.uk,0.00,Ant Farm
ctipton32@ask.com,0.00,Toad
bmcausland33@freewebs.com,0.00,Ant Farm
mpressnell34@elpais.com,0.00,Bird
fbromley35@ucla.edu,0.00,Horse
jpavolini36@yellowbook.com,0.00,Hermit Crab
rgisby37@webnode.com,0.00,Alpaca
gostler38@istockphoto.com,0.00,Ant Farm
braynes39@discovery.com,0.00,Stick-Bugs
gbenoix3a@weibo.com,0.00,Rabbit
eassinder3b@123-reg.co.uk,0.00,Snake
bgarioch3c@ycombinator.com,0.00,Frog
ksawood3d@slate.com,0.00,Sheep
salu3e@wisc.edu,0.00,Ant Farm
mbilsland3f@blog.com,0.00,Turtle
mbeauly3g@delicious.com,0.00,Horse
gstrut3h@mtv.com,0.00,Turtle
aduplain3i@biblegateway.com,0.00,Snake
wproback3j@businessweek.com,0.00,Newt
mreeve3k@craigslist.org,0.00,Ferret
fbemrose3l@nymag.com,0.00,Bird
vraun3m@mayoclinic.com,0.00,Newt
rtrainer3n@virginia.edu,0.00,Hermit Crab
mmanoelli3o@biglobe.ne.jp,0.00,Cat
jhails3p@accuweather.com,0.00,Sheep
cst3q@hatena.ne.jp,0.00,Hermit Crab
gthaller3r@instagram.com,0.00,Hedgehog
ealbert3s@cbslocal.com,0.00,Fish
melles3t@google.pl,0.00,Toad
arogeon3u@hibu.com,0.00,Tortoise
bmackaile3v@hatena.ne.jp,0.00,Spider
rbozworth3w@vkontakte.ru,0.00,Mantis
tsirey3x@marketwatch.com,0.00,Alpaca
smartino3y@oaic.gov.au,0.00,Frog
gcorrado3z@nyu.edu,0.00,Iguana
clurner40@blog.com,0.00,Fish
rsillars41@boston.com,0.00,Spider
jjahndel42@blogtalkradio.com,0.00,Toad
kmeriel43@independent.co.uk,0.00,Pig
vscuse44@hostgator.com,0.00,Bird
tpllu45@google.nl,0.00,Fish
soldroyde46@vk.com,0.00,Hermit Crab
rpietranek47@dmoz.org,0.00,Hermit Crab
nbarringer48@who.int,0.00,Gerbil
gcrellim49@nationalgeographic.com,0.00,Rabbit
kgretham4a@redcross.org,0.00,Gerbil
mdoles4b@home.pl,0.00,Salamander
mcaldera4c@blogger.com,0.00,Dog
bjoesbury4d@yahoo.co.jp,0.00,Ant Farm
hzorer4e@nbcnews.com,0.00,Spider
cchristophers4f@dedecms.com,0.00,Turtle
raireton4g@yale.edu,0.00,Rat
twickerson4h@psu.edu,0.00,Hamster
rceller4i@slideshare.net,0.00,Mantis
ljanusik4j@imdb.com,0.00,Cat
galyokhin4k@scribd.com,0.00,Gerbil
abuckerfield4l@eepurl.com,0.00,Hamster
muppett4m@imgur.com,0.00,Horse
banglish4n@sourceforge.net,0.00,Hamster
ddecent4o@yahoo.com,0.00,Alpaca
ehellicar4p@go.com,0.00,Dog
bpavis4q@msn.com,0.00,Frog
mcomfort4r@slate.com,0.00,Pig
awinny4s@un.org,0.00,Toad
gtrundler4t@cam.ac.uk,0.00,Frog
mpole4u@goo.gl,0.00,Ant Farm
twaples4v@alexa.com,0.00,Alpaca
so4w@engadget.com,0.00,Cat
mo4x@npr.org,0.00,Hermit Crab
lgrinov4y@canalblog.com,0.00,Turtle
smcinnery4z@nbcnews.com,0.00,Dog
tlaxston50@nyu.edu,0.00,Alpaca
bsausman51@house.gov,0.00,Rat
ballon52@jalbum.net,0.00,Guinea Pig
ekarlolak53@clickbank.net,0.00,Bird
aspatoni54@mac.com,0.00,Guinea Pig
emccorry55@bbb.org,0.00,Alpaca
rfernihough56@sitemeter.com,0.00,Ant Farm
gmacgibbon57@digg.com,0.00,Dog
iivachyov58@globo.com,0.00,Rabbit
bbezzant59@simplemachines.org,0.00,Ant Farm
rgoodlife5a@bigcartel.com,0.00,Spider
pboldecke5b@newyorker.com,0.00,Frog
cround5c@about.me,0.00,Salamander
hwilce5d@parallels.com,0.00,Hedgehog
cfrancomb5e@miitbeian.gov.cn,0.00,Ferret
dslyman5f@telegraph.co.uk,0.00,Guinea Pig
mtibbles5g@sohu.com,0.00,Spider
eportwaine5h@people.com.cn,0.00,Spider
raust5i@joomla.org,0.00,Ant Farm
dpittendreigh5j@photobucket.com,0.00,Guinea Pig
asalt0@ihg.com,0.00,Iguana
zgodehardsf1@acquirethisname.com,0.00,Ferret
dscone2@fc2.com,0.00,Rat
tjozwik3@wsj.com,0.00,Guinea Pig
kacock4@prlog.org,0.00,Rat
jcluckie5@vimeo.com,0.00,Stick-Bugs
iscothorn6@bravesites.com,0.00,Mantis
taddicote7@samsung.com,0.00,Salamander
esuggate8@surveymonkey.com,0.00,Cat
llenthall9@icq.com,0.00,Gerbil
rparisa@yellowbook.com,0.00,Turtle
ggrundb@phoca.cz,0.00,Salamander
hsiretc@wordpress.org,0.00,Gerbil
clemonnierd@clickbank.net,0.00,Hedgehog
kwaldrume@addtoany.com,0.00,Iguana
qgossanf@hatena.ne.jp,0.00,Snake
legdellg@cyberchimps.com,0.00,Rabbit
cgoodersonh@cnbc.com,0.00,Stick-Bugs
tkalinowskyi@zimbio.com,0.00,Dog
fbloggj@europa.eu,0.00,Snake
rlanchberyk@bbc.co.uk,0.00,Ferret
cmcwilliaml@bigcartel.com,0.00,Cat
omontacutem@issuu.com,0.00,Newt
bborghesen@ucsd.edu,0.00,Gecko
wemmanuelio@techcrunch.com,0.00,Frog
sgregoriop@google.de,0.00,Ferret
rduckq@mapquest.com,0.00,Hedgehog
proomer@usnews.com,0.00,Sheep
ebaybutts@wordpress.org,0.00,Sheep
kpinchint@multiply.com,0.00,Horse
oervinu@cafepress.com,0.00,Salamander
mbalmannv@google.ca,0.00,Newt
cyurinovw@free.fr,0.00,Turtle
rgookesx@addtoany.com,0.00,Guinea Pig
lsmyleyy@wordpress.com,0.00,Gecko
wslocombz@altervista.org,0.00,Ant Farm
dfarren10@ucla.edu,0.00,Gerbil
koverstreet11@jimdo.com,0.00,Ant Farm
iwhittingham12@diigo.com,0.00,Turtle
ocleaveland13@hostgator.com,0.00,Sheep
vbleything14@a8.net,0.00,Gecko
hdumingos15@chron.com,0.00,Cat
gesson16@hatena.ne.jp,0.00,Guinea Pig
njustis17@istockphoto.com,0.00,Rat
scesaric18@google.co.jp,0.00,Rabbit
ijeannesson19@creativecommons.org,0.00,Hamster
cvearncomb1a@dell.com,0.00,Gerbil
scanham1b@techcrunch.com,0.00,Newt
eorpen1c@ebay.com,0.00,Ferret
rswetland1d@skyrock.com,0.00,Hermit Crab
cfulford1e@hatena.ne.jp,0.00,Gerbil
hdrackford1f@i2i.jp,0.00,Newt
usindall1g@symantec.com,0.00,Fish
ggarbett1h@yolasite.com,0.00,Hamster
brumbold1i@intel.com,0.00,Rat
apavkovic1j@cbsnews.com,0.00,Fish
lhenrichsen1k@tripod.com,0.00,Ant Farm
hslarke1l@ucoz.com,0.00,Tortoise
thyndson1m@alibaba.com,0.00,Salamander
ahinckesman1n@delicious.com,0.00,Newt
bcraigg1o@edublogs.org,0.00,Rat
ggrosier1p@baidu.com,0.00,Horse
ndoy1q@tripadvisor.com,0.00,Rat
ocorradeschi1r@mozilla.org,0.00,Rat
jgeffinger1s@blog.com,0.00,Rabbit
bclaessens1t@printfriendly.com,0.00,Cat
qjahan1u@skype.com,0.00,Rat
sodonovan1v@wired.com,0.00,Horse
pbocken1w@amazon.de,0.00,Toad
dbowes1x@drupal.org,0.00,Fish
hyewdell1y@scribd.com,0.00,Bird
sjedrychowski1z@creativecommons.org,0.00,Ant Farm
emattek20@examiner.com,0.00,Rabbit
dbriers21@toplist.cz,0.00,Dog
aealam22@fotki.com,0.00,Ant Farm
pgethouse23@smh.com.au,0.00,Gecko
scashman24@independent.co.uk,0.00,Bird
lmongeot25@fastcompany.com,0.00,Ant Farm
glittler26@tripod.com,0.00,Ant Farm
gcuesta27@flavors.me,0.00,Bird
dbentall28@google.nl,0.00,Guinea Pig
sbutland29@skyrock.com,0.00,Rabbit
kbrookz2a@drupal.org,0.00,Turtle
dde2b@yale.edu,0.00,Hamster
barnolds2c@bluehost.com,0.00,Ant Farm
nselvester2d@cornell.edu,0.00,Gecko
gmcreidy2e@epa.gov,0.00,Hermit Crab
ivenus2f@deliciousdays.com,0.00,Stick-Bugs
abarnet2g@stanford.edu,0.00,Bird
sstuehmeier2h@cdbaby.com,0.00,Rabbit
bbroadbury2i@biglobe.ne.jp,0.00,Alpaca
lstanyforth2j@amazon.co.jp,0.00,Guinea Pig
scockrell2k@angelfire.com,0.00,Frog
omacsweeney2l@dailymail.co.uk,0.00,Hermit Crab
lcollick2m@latimes.com,0.00,Hermit Crab
ritzkov2n@imdb.com,0.00,Bird
ajilliss2o@gizmodo.com,0.00,Horse
ahailwood2p@bloomberg.com,0.00,Frog
araden2q@hatena.ne.jp,0.00,Stick-Bugs
rshillom2r@skype.com,0.00,Spider
mdhooge2s@sfgate.com,0.00,Iguana
fleer2t@princeton.edu,0.00,Fish
ftrobey2u@istockphoto.com,0.00,Rat
racreman2v@jugem.jp,0.00,Gecko
teverit2w@privacy.gov.au,0.00,Tortoise
santhes2x@wunderground.com,0.00,Gecko
lgullivent2y@toplist.cz,0.00,Pig
hnaisbet2z@huffingtonpost.com,0.00,Horse
hlease30@live.com,0.00,Gerbil
awyett31@ebay.co.uk,0.00,Rabbit
ctipton32@ask.com,0.00,Tortoise
bmcausland33@freewebs.com,0.00,Turtle
mpressnell34@elpais.com,0.00,Turtle
fbromley35@ucla.edu,0.00,Gecko
jpavolini36@yellowbook.com,0.00,Horse
rgisby37@webnode.com,0.00,Salamander
gostler38@istockphoto.com,0.00,Ferret
braynes39@discovery.com,0.00,Snake
gbenoix3a@weibo.com,0.00,Turtle
eassinder3b@123-reg.co.uk,0.00,Cat
bgarioch3c@ycombinator.com,0.00,Alpaca
ksawood3d@slate.com,0.00,Frog
salu3e@wisc.edu,0.00,Snake
mbilsland3f@blog.com,0.00,Pig
mbeauly3g@delicious.com,0.00,Rat
gstrut3h@mtv.com,0.00,Spider
aduplain3i@biblegateway.com,0.00,Hermit Crab
wproback3j@businessweek.com,0.00,Hamster
mreeve3k@craigslist.org,0.00,Iguana
fbemrose3l@nymag.com,0.00,Rabbit
vraun3m@mayoclinic.com,0.00,Pig
rtrainer3n@virginia.edu,0.00,Gecko
mmanoelli3o@biglobe.ne.jp,0.00,Newt
jhails3p@accuweather.com,0.00,Cat
cst3q@hatena.ne.jp,0.00,Cat
gthaller3r@instagram.com,0.00,Guinea Pig
ealbert3s@cbslocal.com,0.00,Rabbit
melles3t@google.pl,0.00,Mantis
arogeon3u@hibu.com,0.00,Dog
bmackaile3v@hatena.ne.jp,0.00,Cat
rbozworth3w@vkontakte.ru,0.00,Rat
tsirey3x@marketwatch.com,0.00,Ant Farm
smartino3y@oaic.gov.au,0.00,Ferret
gcorrado3z@nyu.edu,0.00,Newt
clurner40@blog.com,0.00,Tortoise
rsillars41@boston.com,0.00,Salamander
jjahndel42@blogtalkradio.com,0.00,Frog
kmeriel43@independent.co.uk,0.00,Ant Farm
vscuse44@hostgator.com,0.00,Hamster
tpllu45@google.nl,0.00,Spider
soldroyde46@vk.com,0.00,Hamster
rpietranek47@dmoz.org,0.00,Frog
nbarringer48@who.int,0.00,Dog
gcrellim49@nationalgeographic.com,0.00,Bird
kgretham4a@redcross.org,0.00,Stick-Bugs
mdoles4b@home.pl,0.00,Horse
mcaldera4c@blogger.com,0.00,Rabbit
bjoesbury4d@yahoo.co.jp,0.00,Stick-Bugs
hzorer4e@nbcnews.com,0.00,Rat
cchristophers4f@dedecms.com,0.00,Spider
raireton4g@yale.edu,0.00,Guinea Pig
twickerson4h@psu.edu,0.00,Alpaca
rceller4i@slideshare.net,0.00,Newt
ljanusik4j@imdb.com,0.00,Hedgehog
galyokhin4k@scribd.com,0.00,Cat
abuckerfield4l@eepurl.com,0.00,Tortoise
muppett4m@imgur.com,0.00,Toad
banglish4n@sourceforge.net,0.00,Newt
ddecent4o@yahoo.com,0.00,Toad
ehellicar4p@go.com,0.00,Alpaca
bpavis4q@msn.com,0.00,Bird
mcomfort4r@slate.com,0.00,Hamster
awinny4s@un.org,0.00,Cat
gtrundler4t@cam.ac.uk,0.00,Stick-Bugs
mpole4u@goo.gl,0.00,Pig
twaples4v@alexa.com,0.00,Turtle
so4w@engadget.com,0.00,Sheep
mo4x@npr.org,0.00,Frog
lgrinov4y@canalblog.com,0.00,Spider
smcinnery4z@nbcnews.com,0.00,Hedgehog
tlaxston50@nyu.edu,0.00,Ant Farm
bsausman51@house.gov,0.00,Hedgehog
ballon52@jalbum.net,0.00,Gerbil
ekarlolak53@clickbank.net,0.00,Turtle
aspatoni54@mac.com,0.00,Bird
emccorry55@bbb.org,0.00,Snake
rfernihough56@sitemeter.com,0.00,Sheep
gmacgibbon57@digg.com,0.00,Salamander
iivachyov58@globo.com,0.00,Mantis
bbezzant59@simplemachines.org,0.00,Newt
rgoodlife5a@bigcartel.com,0.00,Hedgehog
pboldecke5b@newyorker.com,0.00,Salamander
cround5c@about.me,0.00,Mantis
hwilce5d@parallels.com,0.00,Gecko
cfrancomb5e@miitbeian.gov.cn,0.00,Ant Farm
dslyman5f@telegraph.co.uk,0.00,Pig
mtibbles5g@sohu.com,0.00,Hermit Crab
eportwaine5h@people.com.cn,0.00,Hedgehog
raust5i@joomla.org,0.00,Iguana
dpittendreigh5j@photobucket.com,0.00,Cat
asalt0@ihg.com,0.00,Ferret
zgodehardsf1@acquirethisname.com,0.00,Cat
dscone2@fc2.com,0.00,Ferret
tjozwik3@wsj.com,0.00,Toad
kacock4@prlog.org,0.00,Guinea Pig
jcluckie5@vimeo.com,0.00,Turtle
iscothorn6@bravesites.com,0.00,Hedgehog
taddicote7@samsung.com,0.00,Alpaca
esuggate8@surveymonkey.com,0.00,Frog
llenthall9@icq.com,0.00,Rat
rparisa@yellowbook.com,0.00,Pig
ggrundb@phoca.cz,0.00,Pig
hsiretc@wordpress.org,0.00,Mantis
clemonnierd@clickbank.net,0.00,Newt
kwaldrume@addtoany.com,0.00,Turtle
qgossanf@hatena.ne.jp,0.00,Pig
legdellg@cyberchimps.com,0.00,Hermit Crab
cgoodersonh@cnbc.com,0.00,Hedgehog
tkalinowskyi@zimbio.com,0.00,Toad
fbloggj@europa.eu,0.00,Ant Farm
rlanchberyk@bbc.co.uk,0.00,Dog
cmcwilliaml@bigcartel.com,0.00,Spider
omontacutem@issuu.com,0.00,Sheep
bborghesen@ucsd.edu,0.00,Stick-Bugs
wemmanuelio@techcrunch.com,0.00,Mantis
sgregoriop@google.de,0.00,Sheep
rduckq@mapquest.com,0.00,Dog
proomer@usnews.com,0.00,Cat
ebaybutts@wordpress.org,0.00,Horse
kpinchint@multiply.com,0.00,Cat
oervinu@cafepress.com,0.00,Mantis
mbalmannv@google.ca,0.00,Hermit Crab
cyurinovw@free.fr,0.00,Guinea Pig
rgookesx@addtoany.com,0.00,Iguana
lsmyleyy@wordpress.com,0.00,Rat
wslocombz@altervista.org,0.00,Tortoise
dfarren10@ucla.edu,0.00,Rat
koverstreet11@jimdo.com,0.00,Gerbil
iwhittingham12@diigo.com,0.00,Pig
ocleaveland13@hostgator.com,0.00,Dog
vbleything14@a8.net,0.00,Frog
hdumingos15@chron.com,0.00,Rabbit
gesson16@hatena.ne.jp,0.00,Fish
njustis17@istockphoto.com,0.00,Rabbit
scesaric18@google.co.jp,0.00,Tortoise
ijeannesson19@creativecommons.org,0.00,Horse
cvearncomb1a@dell.com,0.00,Rabbit
scanham1b@techcrunch.com,0.00,Bird
eorpen1c@ebay.com,0.00,Spider
rswetland1d@skyrock.com,0.00,Iguana
cfulford1e@hatena.ne.jp,0.00,Bird
hdrackford1f@i2i.jp,0.00,Fish
usindall1g@symantec.com,0.00,Toad
ggarbett1h@yolasite.com,0.00,Frog
brumbold1i@intel.com,0.00,Salamander
apavkovic1j@cbsnews.com,0.00,Frog
lhenrichsen1k@tripod.com,0.00,Horse
hslarke1l@ucoz.com,0.00,Dog
thyndson1m@alibaba.com,0.00,Sheep
ahinckesman1n@delicious.com,0.00,Pig
bcraigg1o@edublogs.org,0.00,Ant Farm
ggrosier1p@baidu.com,0.00,Ant Farm
ndoy1q@tripadvisor.com,0.00,Pig
ocorradeschi1r@mozilla.org,0.00,Horse
jgeffinger1s@blog.com,0.00,Bird
bclaessens1t@printfriendly.com,0.00,Dog
qjahan1u@skype.com,0.00,Ant Farm
sodonovan1v@wired.com,0.00,Tortoise
pbocken1w@amazon.de,0.00,Hermit Crab
dbowes1x@drupal.org,0.00,Rabbit
hyewdell1y@scribd.com,0.00,Spider
sjedrychowski1z@creativecommons.org,0.00,Alpaca
emattek20@examiner.com,0.00,Salamander
dbriers21@toplist.cz,0.00,Turtle
aealam22@fotki.com,0.00,Salamander
pgethouse23@smh.com.au,0.00,Ant Farm
scashman24@independent.co.uk,0.00,Fish
lmongeot25@fastcompany.com,0.00,Newt
glittler26@tripod.com,0.00,Frog
gcuesta27@flavors.me,0.00,Spider
dbentall28@google.nl,0.00,Horse
sbutland29@skyrock.com,0.00,Snake
kbrookz2a@drupal.org,0.00,Newt
dde2b@yale.edu,0.00,Rabbit
barnolds2c@bluehost.com,0.00,Sheep
nselvester2d@cornell.edu,0.00,Frog
gmcreidy2e@epa.gov,0.00,Hedgehog
ivenus2f@deliciousdays.com,0.00,Dog
abarnet2g@stanford.edu,0.00,Fish
sstuehmeier2h@cdbaby.com,0.00,Dog
bbroadbury2i@biglobe.ne.jp,0.00,Spider
lstanyforth2j@amazon.co.jp,0.00,Spider
scockrell2k@angelfire.com,0.00,Horse
omacsweeney2l@dailymail.co.uk,0.00,Hedgehog
lcollick2m@latimes.com,0.00,Cat
ritzkov2n@imdb.com,0.00,Rabbit
ajilliss2o@gizmodo.com,0.00,Snake
ahailwood2p@bloomberg.com,0.00,Stick-Bugs
araden2q@hatena.ne.jp,0.00,Ferret
rshillom2r@skype.com,0.00,Rat
mdhooge2s@sfgate.com,0.00,Turtle
fleer2t@princeton.edu,0.00,Gerbil
ftrobey2u@istockphoto.com,0.00,Alpaca
racreman2v@jugem.jp,0.00,Pig
teverit2w@privacy.gov.au,0.00,Newt
santhes2x@wunderground.com,0.00,Tortoise
lgullivent2y@toplist.cz,0.00,Dog
hnaisbet2z@huffingtonpost.com,0.00,Iguana
hlease30@live.com,0.00,Salamander
awyett31@ebay.co.uk,0.00,Newt
ctipton32@ask.com,0.00,Rat
bmcausland33@freewebs.com,0.00,Bird
mpressnell34@elpais.com,0.00,Gerbil
fbromley35@ucla.edu,0.00,Ferret
jpavolini36@yellowbook.com,0.00,Guinea Pig
rgisby37@webnode.com,0.00,Gecko
gostler38@istockphoto.com,0.00,Tortoise
braynes39@discovery.com,0.00,Iguana
gbenoix3a@weibo.com,0.00,Dog
eassinder3b@123-reg.co.uk,0.00,Hermit Crab
bgarioch3c@ycombinator.com,0.00,Hermit Crab
ksawood3d@slate.com,0.00,Mantis
salu3e@wisc.edu,0.00,Horse
mbilsland3f@blog.com,0.00,Rat
mbeauly3g@delicious.com,0.00,Frog
gstrut3h@mtv.com,0.00,Hedgehog
aduplain3i@biblegateway.com,0.00,Rabbit
wproback3j@businessweek.com,0.00,Pig
mreeve3k@craigslist.org,0.00,Rabbit
fbemrose3l@nymag.com,0.00,Hedgehog
vraun3m@mayoclinic.com,0.00,Cat
rtrainer3n@virginia.edu,0.00,Guinea Pig
mmanoelli3o@biglobe.ne.jp,0.00,Horse
jhails3p@accuweather.com,0.00,Rabbit
cst3q@hatena.ne.jp,0.00,Mantis
gthaller3r@instagram.com,0.00,Iguana
ealbert3s@cbslocal.com,0.00,Stick-Bugs
melles3t@google.pl,0.00,Fish
arogeon3u@hibu.com,0.00,Guinea Pig
bmackaile3v@hatena.ne.jp,0.00,Hedgehog
rbozworth3w@vkontakte.ru,0.00,Alpaca
tsirey3x@marketwatch.com,0.00,Sheep
smartino3y@oaic.gov.au,0.00,Gecko
gcorrado3z@nyu.edu,0.00,Bird
clurner40@blog.com,0.00,Pig
rsillars41@boston.com,0.00,Gecko
jjahndel42@blogtalkradio.com,0.00,Dog
kmeriel43@independent.co.uk,0.00,Sheep
vscuse44@hostgator.com,0.00,Toad
tpllu45@google.nl,0.00,Bird
soldroyde46@vk.com,0.00,Frog
rpietranek47@dmoz.org,0.00,Alpaca
nbarringer48@who.int,0.00,Stick-Bugs
gcrellim49@nationalgeographic.com,0.00,Rat
kgretham4a@redcross.org,0.00,Salamander
mdoles4b@home.pl,0.00,Dog
mcaldera4c@blogger.com,0.00,Guinea Pig
bjoesbury4d@yahoo.co.jp,0.00,Tortoise
hzorer4e@nbcnews.com,0.00,Bird
cchristophers4f@dedecms.com,0.00,Pig
raireton4g@yale.edu,0.00,Tortoise
twickerson4h@psu.edu,0.00,Gecko
rceller4i@slideshare.net,0.00,Hamster
ljanusik4j@imdb.com,0.00,Sheep
galyokhin4k@scribd.com,0.00,Bird
abuckerfield4l@eepurl.com,0.00,Sheep
muppett4m@imgur.com,0.00,Spider
banglish4n@sourceforge.net,0.00,Frog
ddecent4o@yahoo.com,0.00,Fish
ehellicar4p@go.com,0.00,Ferret
bpavis4q@msn.com,0.00,Ant Farm
mcomfort4r@slate.com,0.00,Ferret
awinny4s@un.org,0.00,Turtle
gtrundler4t@cam.ac.uk,0.00,Iguana
mpole4u@goo.gl,0.00,Rat
twaples4v@alexa.com,0.00,Horse
so4w@engadget.com,0.00,Tortoise
mo4x@npr.org,0.00,Rat
lgrinov4y@canalblog.com,0.00,Mantis
smcinnery4z@nbcnews.com,0.00,Hamster
tlaxston50@nyu.edu,0.00,Snake
bsausman51@house.gov,0.00,Iguana
ballon52@jalbum.net,0.00,Alpaca
ekarlolak53@clickbank.net,0.00,Dog
aspatoni54@mac.com,0.00,Tortoise
emccorry55@bbb.org,0.00,Hermit Crab
rfernihough56@sitemeter.com,0.00,Rat
gmacgibbon57@digg.com,0.00,Hedgehog
iivachyov58@globo.com,0.00,Ant Farm
bbezzant59@simplemachines.org,0.00,Gerbil
rgoodlife5a@bigcartel.com,0.00,Gecko
pboldecke5b@newyorker.com,0.00,Ant Farm
cround5c@about.me,0.00,Horse
hwilce5d@parallels.com,0.00,Bird
cfrancomb5e@miitbeian.gov.cn,0.00,Newt
dslyman5f@telegraph.co.uk,0.00,Hedgehog
mtibbles5g@sohu.com,0.00,Guinea Pig
eportwaine5h@people.com.cn,0.00,Stick-Bugs
raust5i@joomla.org,0.00,Snake
dpittendreigh5j@photobucket.com,0.00,Bird
asalt0@ihg.com,0.00,Mantis
zgodehardsf1@acquirethisname.com,0.00,Gecko
dscone2@fc2.com,0.00,Cat
tjozwik3@wsj.com,0.00,Snake
kacock4@prlog.org,0.00,Mantis
jcluckie5@vimeo.com,0.00,Salamander
iscothorn6@bravesites.com,0.00,Alpaca
taddicote7@samsung.com,0.00,Turtle
esuggate8@surveymonkey.com,0.00,Snake
llenthall9@icq.com,0.00,Rabbit
rparisa@yellowbook.com,0.00,Frog
ggrundb@phoca.cz,0.00,Ant Farm
hsiretc@wordpress.org,0.00,Turtle
clemonnierd@clickbank.net,0.00,Bird
kwaldrume@addtoany.com,0.00,Rat
qgossanf@hatena.ne.jp,0.00,Rabbit
legdellg@cyberchimps.com,0.00,Alpaca
cgoodersonh@cnbc.com,0.00,Alpaca
tkalinowskyi@zimbio.com,0.00,Guinea Pig
fbloggj@europa.eu,0.00,Frog
rlanchberyk@bbc.co.uk,0.00,Iguana
cmcwilliaml@bigcartel.com,0.00,Ferret
omontacutem@issuu.com,0.00,Snake
bborghesen@ucsd.edu,0.00,Cat
wemmanuelio@techcrunch.com,0.00,Bird
sgregoriop@google.de,0.00,Stick-Bugs
rduckq@mapquest.com,0.00,Snake
proomer@usnews.com,0.00,Salamander
ebaybutts@wordpress.org,0.00,Turtle
kpinchint@multiply.com,0.00,Ferret
oervinu@cafepress.com,0.00,Dog
mbalmannv@google.ca,0.00,Ferret
cyurinovw@free.fr,0.00,Rabbit
rgookesx@addtoany.com,0.00,Ant Farm
lsmyleyy@wordpress.com,0.00,Dog
wslocombz@altervista.org,0.00,Mantis
dfarren10@ucla.edu,0.00,Rabbit
koverstreet11@jimdo.com,0.00,Pig
iwhittingham12@diigo.com,0.00,Newt
ocleaveland13@hostgator.com,0.00,Guinea Pig
vbleything14@a8.net,0.00,Gerbil
hdumingos15@chron.com,0.00,Ant Farm
gesson16@hatena.ne.jp,0.00,Gerbil
njustis17@istockphoto.com,0.00,Bird
scesaric18@google.co.jp,0.00,Guinea Pig
ijeannesson19@creativecommons.org,0.00,Hermit Crab
cvearncomb1a@dell.com,0.00,Dog
scanham1b@techcrunch.com,0.00,Gerbil
eorpen1c@ebay.com,0.00,Horse
rswetland1d@skyrock.com,0.00,Hedgehog
cfulford1e@hatena.ne.jp,0.00,Tortoise
hdrackford1f@i2i.jp,0.00,Rabbit
usindall1g@symantec.com,0.00,Bird
ggarbett1h@yolasite.com,0.00,Mantis
brumbold1i@intel.com,0.00,Hermit Crab
apavkovic1j@cbsnews.com,0.00,Cat
lhenrichsen1k@tripod.com,0.00,Salamander
hslarke1l@ucoz.com,0.00,Guinea Pig
thyndson1m@alibaba.com,0.00,Bird
ahinckesman1n@delicious.com,0.00,Hermit Crab
bcraigg1o@edublogs.org,0.00,Dog
ggrosier1p@baidu.com,0.00,Mantis
ndoy1q@tripadvisor.com,0.00,Cat
ocorradeschi1r@mozilla.org,0.00,Ferret
jgeffinger1s@blog.com,0.00,Cat
bclaessens1t@printfriendly.com,0.00,Bird
qjahan1u@skype.com,0.00,Alpaca
sodonovan1v@wired.com,0.00,Hedgehog
pbocken1w@amazon.de,0.00,Spider
dbowes1x@drupal.org,0.00,Bird
hyewdell1y@scribd.com,0.00,Mantis
sjedrychowski1z@creativecommons.org,0.00,Dog
emattek20@examiner.com,0.00,Alpaca
dbriers21@toplist.cz,0.00,Newt
aealam22@fotki.com,0.00,Turtle
pgethouse23@smh.com.au,0.00,Hedgehog
scashman24@independent.co.uk,0.00,Ant Farm
lmongeot25@fastcompany.com,0.00,Gecko
glittler26@tripod.com,0.00,Dog
gcuesta27@flavors.me,0.00,Rat
dbentall28@google.nl,0.00,Rabbit
sbutland29@skyrock.com,0.00,Spider
kbrookz2a@drupal.org,0.00,Cat
dde2b@yale.edu,0.00,Ant Farm
barnolds2c@bluehost.com,0.00,Gerbil
nselvester2d@cornell.edu,0.00,Tortoise
gmcreidy2e@epa.gov,0.00,Snake
ivenus2f@deliciousdays.com,0.00,Gerbil
abarnet2g@stanford.edu,0.00,Ferret
sstuehmeier2h@cdbaby.com,0.00,Ferret
bbroadbury2i@biglobe.ne.jp,0.00,Rat
lstanyforth2j@amazon.co.jp,0.00,Dog
scockrell2k@angelfire.com,0.00,Stick-Bugs
omacsweeney2l@dailymail.co.uk,0.00,Salamander
lcollick2m@latimes.com,0.00,Hamster
ritzkov2n@imdb.com,0.00,Horse
ajilliss2o@gizmodo.com,0.00,Iguana
ahailwood2p@bloomberg.com,0.00,Salamander
araden2q@hatena.ne.jp,0.00,Tortoise
rshillom2r@skype.com,0.00,Bird
mdhooge2s@sfgate.com,0.00,Cat
fleer2t@princeton.edu,0.00,Turtle
ftrobey2u@istockphoto.com,0.00,Frog
racreman2v@jugem.jp,0.00,Fish
teverit2w@privacy.gov.au,0.00,Iguana
santhes2x@wunderground.com,0.00,Snake
lgullivent2y@toplist.cz,0.00,Gerbil
hnaisbet2z@huffingtonpost.com,0.00,Mantis
hlease30@live.com,0.00,Iguana
awyett31@ebay.co.uk,0.00,Turtle
ctipton32@ask.com,0.00,Newt
bmcausland33@freewebs.com,0.00,Stick-Bugs
mpressnell34@elpais.com,0.00,Stick-Bugs
fbromley35@ucla.edu,0.00,Gerbil
jpavolini36@yellowbook.com,0.00,Newt
rgisby37@webnode.com,0.00,Gerbil
gostler38@istockphoto.com,0.00,Horse
braynes39@discovery.com,0.00,Gerbil
gbenoix3a@weibo.com,0.00,Ferret
eassinder3b@123-reg.co.uk,0.00,Spider
bgarioch3c@ycombinator.com,0.00,Ant Farm
ksawood3d@slate.com,0.00,Turtle
salu3e@wisc.edu,0.00,Dog
mbilsland3f@blog.com,0.00,Alpaca
mbeauly3g@delicious.com,0.00,Ant Farm
gstrut3h@mtv.com,0.00,Guinea Pig
aduplain3i@biblegateway.com,0.00,Turtle
wproback3j@businessweek.com,0.00,Mantis
mreeve3k@craigslist.org,0.00,Newt
fbemrose3l@nymag.com,0.00,Guinea Pig
vraun3m@mayoclinic.com,0.00,Turtle
rtrainer3n@virginia.edu,0.00,Alpaca
mmanoelli3o@biglobe.ne.jp,0.00,Mantis
jhails3p@accuweather.com,0.00,Turtle
cst3q@hatena.ne.jp,0.00,Fish
gthaller3r@instagram.com,0.00,Snake
ealbert3s@cbslocal.com,0.00,Turtle
melles3t@google.pl,0.00,Snake
arogeon3u@hibu.com,0.00,Spider
bmackaile3v@hatena.ne.jp,0.00,Turtle
rbozworth3w@vkontakte.ru,0.00,Cat
tsirey3x@marketwatch.com,0.00,Turtle
smartino3y@oaic.gov.au,0.00,Pig
gcorrado3z@nyu.edu,0.00,Horse
clurner40@blog.com,0.00,Sheep
rsillars41@boston.com,0.00,Rabbit
jjahndel42@blogtalkradio.com,0.00,Guinea Pig
kmeriel43@independent.co.uk,0.00,Mantis
vscuse44@hostgator.com,0.00,Rabbit
tpllu45@google.nl,0.00,Mantis
soldroyde46@vk.com,0.00,Sheep
rpietranek47@dmoz.org,0.00,Rat
nbarringer48@who.int,0.00,Rabbit
gcrellim49@nationalgeographic.com,0.00,Guinea Pig
kgretham4a@redcross.org,0.00,Mantis
mdoles4b@home.pl,0.00,Gecko
mcaldera4c@blogger.com,0.00,Alpaca
bjoesbury4d@yahoo.co.jp,0.00,Spider
hzorer4e@nbcnews.com,0.00,Gerbil
cchristophers4f@dedecms.com,0.00,Tortoise
raireton4g@yale.edu,0.00,Hermit Crab
twickerson4h@psu.edu,0.00,Mantis
rceller4i@slideshare.net,0.00,Ant Farm
ljanusik4j@imdb.com,0.00,Frog
galyokhin4k@scribd.com,0.00,Pig
abuckerfield4l@eepurl.com,0.00,Guinea Pig
muppett4m@imgur.com,0.00,Salamander
banglish4n@sourceforge.net,0.00,Gecko
ddecent4o@yahoo.com,0.00,Cat
ehellicar4p@go.com,0.00,Salamander
bpavis4q@msn.com,0.00,Newt
mcomfort4r@slate.com,0.00,Dog
awinny4s@un.org,0.00,Tortoise
gtrundler4t@cam.ac.uk,0.00,Fish
mpole4u@goo.gl,0.00,Hamster
twaples4v@alexa.com,0.00,Fish
so4w@engadget.com,0.00,Snake
mo4x@npr.org,0.00,Snake
lgrinov4y@canalblog.com,0.00,Dog
smcinnery4z@nbcnews.com,0.00,Ferret
tlaxston50@nyu.edu,0.00,Gerbil
bsausman51@house.gov,0.00,Salamander
ballon52@jalbum.net,0.00,Dog
ekarlolak53@clickbank.net,0.00,Cat
aspatoni54@mac.com,0.00,Gerbil
emccorry55@bbb.org,0.00,Fish
rfernihough56@sitemeter.com,0.00,Turtle
gmacgibbon57@digg.com,0.00,Pig
iivachyov58@globo.com,0.00,Toad
bbezzant59@simplemachines.org,0.00,Fish
rgoodlife5a@bigcartel.com,0.00,Gerbil
pboldecke5b@newyorker.com,0.00,Turtle
cround5c@about.me,0.00,Pig
hwilce5d@parallels.com,0.00,Stick-Bugs
cfrancomb5e@miitbeian.gov.cn,0.00,Gerbil
dslyman5f@telegraph.co.uk,0.00,Hermit Crab
mtibbles5g@sohu.com,0.00,Pig
eportwaine5h@people.com.cn,0.00,Snake
raust5i@joomla.org,0.00,Hedgehog
dpittendreigh5j@photobucket.com,0.00,Ant Farm
