email,start_date,end_date
ssleep1@barnesandnoble.com,2021-03-15,2021-03-30
mhatherill3@washington.edu,2021-02-01,2021-02-16
mde5@phpbb.com,2021-05-24,2021-06-08
cjays6@utexas.edu,2021-05-08,2021-05-23
hdigg7@jiathis.com,2021-05-20,2021-06-04
qgatrilla@si.edu,2021-05-28,2021-06-12
rschimankb@weibo.com,2020-12-19,2021-01-03
slukashc@virginia.edu,2021-05-25,2021-06-09
mmarinerd@virginia.edu,2020-12-30,2021-01-14
ahancocke@youtube.com,2021-10-22,2021-11-06
lgippj@cyberchimps.com,2021-08-06,2021-08-21
pdenyagink@qq.com,2021-02-07,2021-02-22
jbatcheldoro@opera.com,2021-05-17,2021-06-01
swebbyp@fda.gov,2021-05-26,2021-06-10
mbumphriesq@hostgator.com,2021-07-03,2021-07-18
tmanzt@flavors.me,2021-10-12,2021-10-27
mgonsalou@mit.edu,2021-01-01,2021-01-16
rchazelas14@moonfruit.com,2021-09-26,2021-10-11
fillingsworth15@scribd.com,2021-05-17,2021-06-01
lsprason16@furl.net,2021-06-17,2021-07-02
dmcgeechan17@ucla.edu,2021-09-02,2021-09-17
yadamsen1a@storify.com,2020-12-04,2020-12-19
rhammonds1c@github.io,2020-11-15,2020-11-30
dhazart1e@google.com.br,2021-05-08,2021-05-23
gdoget1f@macromedia.com,2021-06-29,2021-07-14
mstancer1g@phpbb.com,2021-08-23,2021-09-07
aromney1h@howstuffworks.com,2021-05-29,2021-06-13
ifrears1j@latimes.com,2021-10-04,2021-10-19
jmartellini1n@1und1.de,2021-06-02,2021-06-17
vrantoull1p@rediff.com,2021-03-13,2021-03-28
gmossom1q@oaic.gov.au,2021-10-30,2021-11-14
bwardlaw1r@bing.com,2021-08-27,2021-09-11
kbabonau1s@sun.com,2021-06-06,2021-06-21
croman1t@xing.com,2020-11-14,2020-11-29
karnao1u@nifty.com,2021-09-05,2021-09-20
jknottley1v@usnews.com,2021-10-07,2021-10-22
cunderdown1y@yandex.ru,2021-05-15,2021-05-30
wmuston1z@sourceforge.net,2021-03-12,2021-03-27
rnevet21@ftc.gov,2021-04-03,2021-04-18
clehon22@sitemeter.com,2021-04-07,2021-04-22
gmayou23@a8.net,2021-02-11,2021-02-26
aobrien24@walmart.com,2021-03-17,2021-04-01
mlouca27@hugedomains.com,2021-07-02,2021-07-17
rcollingham28@japanpost.jp,2021-08-06,2021-08-21
tklosterman2a@ebay.com,2021-05-01,2021-05-16
lhargerie2b@youku.com,2021-06-22,2021-07-07
jcarsey2e@washingtonpost.com,2021-02-01,2021-02-16
ccliss2g@engadget.com,2021-08-31,2021-09-15
lmarshman2h@sourceforge.net,2021-04-07,2021-04-22
mhriinchenko2n@lycos.com,2021-10-02,2021-10-17
mnapoli2p@ehow.com,2020-12-09,2020-12-24
gnesterov2s@clickbank.net,2021-03-31,2021-04-15
ttreanor2t@tripadvisor.com,2021-10-06,2021-10-21
atattershaw2v@ftc.gov,2021-06-21,2021-07-06
alacaze2x@edublogs.org,2021-07-16,2021-07-31
kcordelle2y@shinystat.com,2021-08-15,2021-08-30
accomini2z@example.com,2021-07-25,2021-08-09
okilgallen30@bloglovin.com,2021-03-29,2021-04-13
tstreader31@tripod.com,2021-09-06,2021-09-21
kmallaby33@symantec.com,2020-11-23,2020-12-08
hgrenville35@instagram.com,2021-10-13,2021-10-28
ddumini36@rediff.com,2021-07-06,2021-07-21
gdyball38@delicious.com,2021-09-12,2021-09-27
jtidswell39@umn.edu,2021-09-21,2021-10-06
vjojic3b@bloomberg.com,2021-03-11,2021-03-26
tpfaffel3d@com.com,2021-01-27,2021-02-11
dbasset3e@jugem.jp,2021-11-11,2021-11-26
fhayler3f@stumbleupon.com,2021-07-31,2021-08-15
zharesnape3k@sbwire.com,2020-11-25,2020-12-10
mshiel3m@hp.com,2021-06-04,2021-06-19
gunsworth3o@facebook.com,2021-03-29,2021-04-13
jrosenbloom3r@tiny.cc,2021-05-06,2021-05-21
bsidwell3s@sohu.com,2021-11-10,2021-11-25
anendick3v@hostgator.com,2020-12-16,2020-12-31
npressland3x@latimes.com,2021-01-24,2021-02-08
ekinnear3y@nydailynews.com,2021-03-14,2021-03-29
nburchnall40@vinaora.com,2021-10-03,2021-10-18
fbruneau42@twitpic.com,2021-09-04,2021-09-19
afairbrace43@omniture.com,2020-11-19,2020-12-04
bhaucke44@geocities.jp,2021-04-27,2021-05-12
adimmack46@nydailynews.com,2021-02-14,2021-03-01
cmacmenamin47@printfriendly.com,2020-12-18,2021-01-02
bthebes48@dailymail.co.uk,2021-09-16,2021-10-01
vkristoffersen49@bloomberg.com,2021-07-11,2021-07-26
echecchi4a@cisco.com,2021-06-02,2021-06-17
pharner4d@ca.gov,2021-09-04,2021-09-19
barnison4e@xrea.com,2021-09-18,2021-10-03
nmillberg4f@theglobeandmail.com,2021-05-08,2021-05-23
apain4g@livejournal.com,2021-05-11,2021-05-26
mfotherby4m@hud.gov,2021-01-24,2021-02-08
dragsdall4r@usatoday.com,2021-05-23,2021-06-07
mmacronald4w@psu.edu,2021-02-18,2021-03-05
agatheral4x@ezinearticles.com,2021-07-21,2021-08-05
lmacias4z@umn.edu,2021-06-29,2021-07-14
mbarca51@etsy.com,2021-05-09,2021-05-24
arevening53@lycos.com,2021-07-16,2021-07-31
dhawyes54@webmd.com,2021-06-23,2021-07-08
ccodner56@irs.gov,2021-06-29,2021-07-14
gzambonini57@cocolog-nifty.com,2021-06-11,2021-06-26
lswett5b@4shared.com,2021-03-09,2021-03-24
npowers5d@hugedomains.com,2021-06-22,2021-07-07
mmonkton5e@posterous.com,2021-06-03,2021-06-18
lofen5g@freewebs.com,2021-04-02,2021-04-17
edunkerton5q@rakuten.co.jp,2021-10-28,2021-11-12
agracey5u@elegantthemes.com,2021-11-01,2021-11-16
giacovini5w@barnesandnoble.com,2021-03-11,2021-03-26
kpetrie5z@bbc.co.uk,2020-12-27,2021-01-11
ntitterrell60@miitbeian.gov.cn,2021-07-07,2021-07-22
kfrenchum61@cnet.com,2021-05-18,2021-06-02
nlealle63@state.gov,2021-03-16,2021-03-31
smarcos64@mysql.com,2021-09-04,2021-09-19
nkensy66@baidu.com,2021-03-19,2021-04-03
tpeploe67@deliciousdays.com,2021-04-11,2021-04-26
mshaddick68@aol.com,2021-05-05,2021-05-20
hcharles69@java.com,2021-04-15,2021-04-30
ctoffoloni6c@ca.gov,2021-05-26,2021-06-10
hgimblet6d@1688.com,2021-10-02,2021-10-17
sokeshott6e@chron.com,2021-04-18,2021-05-03
rbernette6g@bloglovin.com,2021-08-23,2021-09-07
gchessell6h@hp.com,2021-04-10,2021-04-25
gneild6j@yellowpages.com,2021-02-06,2021-02-21
akobelt6k@indiatimes.com,2021-01-08,2021-01-23
aansill6l@addtoany.com,2021-01-13,2021-01-28
fwemes6m@jimdo.com,2020-12-17,2021-01-01
tjellico6q@purevolume.com,2021-06-15,2021-06-30
rdoddemeede6r@naver.com,2021-01-08,2021-01-23
rjoyson6t@msn.com,2021-02-20,2021-03-07
sdisbrey6u@nydailynews.com,2021-01-06,2021-01-21
blamberti6v@nps.gov,2021-11-09,2021-11-24
stissiman6x@ucoz.com,2021-01-06,2021-01-21
nesplin6z@nyu.edu,2021-08-12,2021-08-27
bstodit70@spiegel.de,2021-03-18,2021-04-02
dnutman74@nature.com,2021-10-28,2021-11-12
gstanesby75@technorati.com,2021-09-16,2021-10-01
csugars76@vk.com,2020-12-13,2020-12-28
gleeder78@nationalgeographic.com,2021-01-10,2021-01-25
eroose79@washington.edu,2021-11-08,2021-11-23
cseel7a@slate.com,2021-05-01,2021-05-16
pmounce7b@mozilla.com,2021-01-05,2021-01-20
jpeffer7c@merriam-webster.com,2021-03-17,2021-04-01
bguesford7e@berkeley.edu,2021-08-04,2021-08-19
pfeye7g@acquirethisname.com,2021-09-22,2021-10-07
vronald7i@deviantart.com,2021-01-27,2021-02-11
slaskey7m@unicef.org,2021-01-21,2021-02-05
hcorssen7o@discuz.net,2021-02-08,2021-02-23
pireson7r@reverbnation.com,2021-01-25,2021-02-09
tcassell7t@odnoklassniki.ru,2021-07-30,2021-08-14
fdibdale7u@technorati.com,2021-01-19,2021-02-03
esaul7x@vkontakte.ru,2021-08-11,2021-08-26
mwapples7y@altervista.org,2021-06-20,2021-07-05
bcruess7z@msu.edu,2020-12-16,2020-12-31
nbraddock80@amazon.de,2021-05-17,2021-06-01
bgerram81@github.io,2021-02-05,2021-02-20
rsheward82@marketwatch.com,2021-09-16,2021-10-01
neborn84@rediff.com,2021-03-24,2021-04-08
cmacak85@xrea.com,2020-11-30,2020-12-15
kraspison88@ustream.tv,2021-01-19,2021-02-03
cembery89@jiathis.com,2020-12-14,2020-12-29
pannakin8c@linkedin.com,2021-06-22,2021-07-07
hchimes8g@mapy.cz,2021-10-12,2021-10-27
brichardeau8i@tmall.com,2021-04-26,2021-05-11
lbampford8j@youku.com,2021-05-11,2021-05-26
fgarner8l@delicious.com,2021-09-29,2021-10-14
mtohill8m@mediafire.com,2021-08-11,2021-08-26
kcastro8o@mtv.com,2021-10-06,2021-10-21
lhaskett8p@deviantart.com,2021-09-01,2021-09-16
aroly8s@issuu.com,2021-05-26,2021-06-10
kgilbertson8t@mit.edu,2021-10-17,2021-11-01
mhawton8u@prweb.com,2021-11-02,2021-11-17
kgligoraci8y@bloomberg.com,2021-01-09,2021-01-24
rmccloud91@apache.org,2021-02-20,2021-03-07
ggeerits94@ucoz.com,2021-08-25,2021-09-09
gcussen95@bbb.org,2021-08-26,2021-09-10
ngrierson96@guardian.co.uk,2021-04-18,2021-05-03
ihandley97@patch.com,2021-05-13,2021-05-28
tde99@seesaa.net,2020-12-25,2021-01-09
dcurl9a@xrea.com,2020-11-29,2020-12-14
esarfati9f@state.tx.us,2020-12-30,2021-01-14
pavrahamof9i@irs.gov,2020-11-20,2020-12-05
mkeely9j@arstechnica.com,2021-01-26,2021-02-10
bsouth9l@umn.edu,2020-12-05,2020-12-20
vtipperton9n@clickbank.net,2021-07-23,2021-08-07
bsutterby9o@admin.ch,2021-02-27,2021-03-14
pneilly9q@npr.org,2021-07-19,2021-08-03
hjennions9s@storify.com,2021-03-12,2021-03-27
rpoulsum9u@shop-pro.jp,2021-03-25,2021-04-09
dpeaker9w@state.tx.us,2020-11-26,2020-12-11
gmclardie9x@github.io,2021-02-17,2021-03-04
iconibeara0@irs.gov,2021-03-23,2021-04-07
kfyalla2@nature.com,2020-11-30,2020-12-15
amorita3@nymag.com,2020-11-26,2020-12-11
cberkeleya5@theglobeandmail.com,2020-12-06,2020-12-21
ctourab@prnewswire.com,2021-01-21,2021-02-05
msketchad@yandex.ru,2020-12-19,2021-01-03
ltauntonaf@gnu.org,2021-03-02,2021-03-17
tevittsag@google.cn,2021-05-14,2021-05-29
nblomfieldah@sitemeter.com,2021-03-22,2021-04-06
rnormanellai@jimdo.com,2020-12-08,2020-12-23
aarnkeaj@histats.com,2021-05-01,2021-05-16
hcardelloak@google.com,2021-02-25,2021-03-12
mgoodsiral@google.co.uk,2021-06-25,2021-07-10
lcappelam@parallels.com,2021-10-22,2021-11-06
apotteridgeaq@dagondesign.com,2021-01-15,2021-01-30
rviantas@google.com.br,2020-11-19,2020-12-04
bughiat@wikia.com,2021-08-07,2021-08-22
dgorrissenau@businessinsider.com,2021-06-18,2021-07-03
taptedaw@cdc.gov,2021-08-12,2021-08-27
sscreenax@japanpost.jp,2021-07-15,2021-07-30
jploseay@123-reg.co.uk,2021-07-21,2021-08-05
adurnillb1@indiegogo.com,2021-09-21,2021-10-06
rdiehnb3@networkadvertising.org,2021-04-29,2021-05-14
edallicottb4@cloudflare.com,2021-08-05,2021-08-20
rildenb5@51.la,2021-03-11,2021-03-26
aledgardb7@bandcamp.com,2021-11-10,2021-11-25
lmcgreilb9@dmoz.org,2021-07-24,2021-08-08
rheathwoodbb@domainmarket.com,2021-09-21,2021-10-06
lgatehousebd@php.net,2021-06-13,2021-06-28
epeckbe@printfriendly.com,2021-03-06,2021-03-21
sfooksbf@archive.org,2021-06-30,2021-07-15
vlittledykebh@state.gov,2021-07-22,2021-08-06
choldinbi@squarespace.com,2020-12-09,2020-12-24
sgarmsbj@dell.com,2021-03-26,2021-04-10
bgammillbk@bandcamp.com,2021-08-31,2021-09-15
atraisebl@huffingtonpost.com,2020-12-14,2020-12-29
rvobesbo@blogtalkradio.com,2021-11-12,2021-11-27
rswindellsbq@pen.io,2021-10-06,2021-10-21
lklimesbr@cmu.edu,2021-07-13,2021-07-28
abrentnallbu@bloglines.com,2021-04-01,2021-04-16
ereddybx@washingtonpost.com,2021-02-06,2021-02-21
acrossinghamby@wikia.com,2021-08-25,2021-09-09
pivensc1@t.co,2021-08-11,2021-08-26
cvardeyc2@baidu.com,2021-08-09,2021-08-24
kbaddileyc5@shutterfly.com,2021-07-10,2021-07-25
tclawc8@sogou.com,2021-08-09,2021-08-24
pgoadyc9@dailymail.co.uk,2020-12-07,2020-12-22
hoxerca@ovh.net,2021-06-16,2021-07-01
nespinoscb@a8.net,2021-11-10,2021-11-25
phebdoncc@huffingtonpost.com,2021-05-18,2021-06-02
kkoopmancd@redcross.org,2021-04-23,2021-05-08
rologhlencf@springer.com,2021-03-19,2021-04-03
cmcsarryci@timesonline.co.uk,2021-06-14,2021-06-29
shavvockck@behance.net,2021-06-12,2021-06-27
kegecl@free.fr,2021-08-04,2021-08-19
iwinnettcm@google.com.au,2021-11-09,2021-11-24
degancp@va.gov,2021-05-19,2021-06-03
shubycq@cpanel.net,2020-12-24,2021-01-08
rgranleesecu@surveymonkey.com,2021-06-09,2021-06-24
rtowlercw@webeden.co.uk,2021-05-19,2021-06-03
spetersency@blogspot.com,2021-09-13,2021-09-28
cmayesd0@geocities.com,2021-11-09,2021-11-24
ekidmand5@cloudflare.com,2021-02-28,2021-03-15
ahorlickd6@sitemeter.com,2021-09-06,2021-09-21
cdwyerd7@mashable.com,2021-05-31,2021-06-15
tdugand8@java.com,2021-06-17,2021-07-02
dmoxtedd9@lulu.com,2021-08-26,2021-09-10
ehurchdd@fastcompany.com,2021-08-07,2021-08-22
tosullivandf@infoseek.co.jp,2021-07-31,2021-08-15
fgarmentdi@g.co,2020-12-28,2021-01-12
cmcbeathdj@freewebs.com,2021-03-27,2021-04-11
tjaksicdk@privacy.gov.au,2021-08-23,2021-09-07
arudledgedl@businessinsider.com,2021-07-02,2021-07-17
bkollasdm@usgs.gov,2021-04-13,2021-04-28
riggodn@mysql.com,2021-06-16,2021-07-01
sespinhodp@exblog.jp,2021-03-06,2021-03-21
