pet_type,pet_name,owner_email
Pig,Cyndi,abrogginic6@cpanel.net
Hamster,Nata,rvaillant36@oracle.com
Ferret,Julee,wbroadburyc9@nbcnews.com
Horse,Joane,asutherleyb0@creativecommons.org
Rat,Branden,dcamilio85@upenn.edu
Alpaca,Gerianna,zharley2a@wsj.com
Gecko,Ardra,bsegot1j@example.com
Rat,Myrta,shalheadb6@uol.com.br
Hermit Crab,Eal,tmenel6m@myspace.com
Mantis,Stanislas,ejirakbd@people.com.cn
Sheep,Dita,lashbornev@boston.com
Cat,Maureen,jcarroll1e@goo.ne.jp
Newt,Chiarra,hmcmillam3t@stumbleupon.com
Cat,Eada,jcarroll1e@goo.ne.jp
Gerbil,Carly,bdickensoncc@psu.edu
Hamster,Jarrid,scalleardv@indiegogo.com
Hamster,Linda,alidgatedd@ihg.com
Tortoise,Dinnie,sdominik2v@merriam-webster.com
Iguana,Arnuad,awebley4c@bigcartel.com
Alpaca,Mayer,apresslie1v@un.org
Gecko,Wallas,speet79@unicef.org
Ant Farm,Vernon,mlynnett4z@printfriendly.com
Gecko,Elane,fvernham7s@latimes.com
Tortoise,Tiffie,rpeltzer3f@squidoo.com
Hamster,Malinde,sbertenshawbl@blogtalkradio.com
Ant Farm,Clevey,jnorville81@irs.gov
Cat,Caldwell,fbatemanbw@ifeng.com
Hermit Crab,Joceline,hathertona5@redcross.org
Dog,Shandie,gfarrow6q@360.cn
Fish,Agathe,pryrieq@slideshare.net
Bird,Valli,rriderad@g.co
Spider,Gretta,ecoushedm@tinyurl.com
Horse,Matelda,acammackek@istockphoto.com
Pig,Reine,yharkin8l@zdnet.com
Gerbil,Gerek,dcharlson2@vk.com
Horse,Niki,lswine8j@angelfire.com
Newt,Glenda,lgoodeeh@bloglovin.com
Guinea Pig,Kennedy,ejirakbd@people.com.cn
Iguana,Sandye,zgiannini9f@ed.gov
Cat,Ashien,mdevorill3x@google.com
Gerbil,Shelbi,trutherfoord66@springer.com
Bird,Sunshine,dfaulks91@blog.com
Horse,Cayla,cwatlingd6@miibeian.gov.cn
Stick-Bugs,Yurik,nbottomleyc3@tamu.edu
Ferret,Pavel,ogallgher58@intel.com
Bird,Vivyanne,acurnnok7h@vkontakte.ru
Hermit Crab,Laurent,jlampelbj@cbsnews.com
Horse,Thorsten,adoeyco@netvibes.com
Stick-Bugs,Marjory,bpendle3z@unblog.fr
Frog,Algernon,rchessor51@wufoo.com
Hamster,Christoffer,dlidierth5s@google.pl
Rat,Bennie,mmeharry40@dion.ne.jp
Hamster,Nikolaos,ccarnihan1o@techcrunch.com
Stick-Bugs,Lea,bmoncastera2@lulu.com
Snake,Ogdan,lwandlessda@comcast.net
Toad,Tana,jpescoddu@mozilla.com
Toad,Agata,wizachik8g@amazon.com
Hamster,Shannon,fpechell2g@typepad.com
Newt,Garvy,bramet3a@disqus.com
Frog,Dallis,agreenrdeck@acquirethisname.com
Mantis,Gavan,adantuoniao@mapquest.com
Newt,Sophia,squaltrough5@360.cn
Guinea Pig,Shawnee,cwilcocksbp@purevolume.com
Rabbit,Vick,aspere94@e-recht24.de
Alpaca,Shara,ssarvar2m@lycos.com
Rat,Joan,hrobeirodp@cloudflare.com
Toad,Aleksandr,zduckels9j@dailymotion.com
Newt,Ibby,bmoncastera2@lulu.com
Fish,Frederich,mfolger47@last.fm
Gecko,Xylina,bkidder9c@4shared.com
Pig,Elmira,nadamovicz7m@unicef.org
Hermit Crab,Ophelia,khusthwaitebh@miibeian.gov.cn
Gerbil,Temp,adelucecr@123-reg.co.uk
Rat,Dyann,bsegot1j@example.com
Mantis,Fax,bcaffreyb4@cocolog-nifty.com
Ant Farm,Kayle,yluckeyan@artisteer.com
Rat,Sheila-kathryn,ckettoe3o@intel.com
Guinea Pig,Olva,ahessay55@cdbaby.com
Ant Farm,Caldwell,rterbrugbr@devhub.com
Ferret,Mayer,mhazeldeande@spiegel.de
Hamster,Wood,goldacres2s@delicious.com
Sheep,Andonis,efader93@facebook.com
Toad,Boony,lpelman0@huffingtonpost.com
Ant Farm,Pris,lashbornev@boston.com
Snake,Karlyn,ccarnihan1o@techcrunch.com
Rat,Skippy,rgummory2e@pen.io
Frog,Mohammed,bmetzelah@ibm.com
Hedgehog,Cassandre,ssarvar2m@lycos.com
Ant Farm,Claresta,dcharlson2@vk.com
Snake,Verina,btenaunt63@springer.com
Newt,Aprilette,hdillon2f@umn.edu
Cat,Waylan,tskryne3d@sun.com
Tortoise,Remus,gheel5p@quantcast.com
Bird,Lance,awinchurst4r@comcast.net
Sheep,Alonzo,zbeck6g@booking.com
Fish,Allyn,nwoollends80@forbes.com
Rat,Laryssa,bfells6k@msu.edu
Alpaca,Elnar,mandrichukas@npr.org
Salamander,Melisande,fcorbiex@elegantthemes.com
Hamster,Rozina,scrichmere2h@theguardian.com
Gecko,Ardath,cprettejohnsdr@reddit.com
Horse,Tabbie,kraggattaj@dropbox.com
Hedgehog,Roland,mkilgannon6@zdnet.com
Tortoise,Berna,tskryne3d@sun.com
Stick-Bugs,Teresita,bcaffreyb4@cocolog-nifty.com
Tortoise,Addie,cskittle6y@prlog.org
Frog,Lisabeth,aspere94@e-recht24.de
Ferret,Elyssa,acammackek@istockphoto.com
Hermit Crab,Wolfy,aworkes49@xrea.com
Newt,Quentin,xdeackescl@netvibes.com
Fish,Tanitansy,jlintott78@amazon.co.jp
Toad,Kristen,rsibly6b@twitpic.com
Ant Farm,Vonnie,ejanos8p@is.gd
Frog,Maurizio,afearesbo@yellowpages.com
Pig,Katine,lborsayf@sun.com
Frog,Giustino,tbatemandn@cbsnews.com
Fish,Quintana,mwhiteway4b@mashable.com
Hamster,Chaim,wmedd41@nymag.com
Cat,Vince,klindback5b@state.tx.us
Newt,Cindi,ecoushedm@tinyurl.com
Toad,Boote,wciobutaru86@wufoo.com
Stick-Bugs,Raina,htressler11@e-recht24.de
Cat,Dunstan,scrichmere2h@theguardian.com
Hamster,Laraine,hrosser19@blog.com
Stick-Bugs,Alleen,sdominik2v@merriam-webster.com
Newt,Clarette,rnewham65@yolasite.com
Turtle,Berna,mdruce3n@fda.gov
Spider,Desirae,fvernham7s@latimes.com
Hermit Crab,Una,rcracker2b@bloglines.com
Hermit Crab,Cristina,jfrean26@who.int
Guinea Pig,Chlo,doxtaby2x@barnesandnoble.com
Turtle,Marietta,vtumebc@bigcartel.com
Ant Farm,Tildie,ncowd2@cnbc.com
Rat,Johann,aerrowe8d@washingtonpost.com
Dog,Dickie,kshemmans54@tripod.com
Stick-Bugs,Anne,gfarrow6q@360.cn
Mantis,Bessy,rskeffingtonc5@ox.ac.uk
Gecko,Agna,efader93@facebook.com
Gecko,Broderick,jscrimgeour70@smh.com.au
Guinea Pig,Tedra,scrichmere2h@theguardian.com
Frog,Aguie,jpescoddu@mozilla.com
Bird,Lusa,cskittle6y@prlog.org
Gecko,Sara-ann,kconerding1g@harvard.edu
Stick-Bugs,Sibley,ssarvar2m@lycos.com
Fish,Colman,scrichmere2h@theguardian.com
Gecko,Hestia,wciobutaru86@wufoo.com
Hermit Crab,Basilius,cgandycj@zdnet.com
Sheep,Darcey,mpundy9s@ed.gov
Rat,Courtney,bdickensoncc@psu.edu
Cat,Archibald,wrelf1q@pbs.org
Pig,Efren,jianittello4f@cornell.edu
Cat,Carmel,bguebv@time.com
Guinea Pig,Roby,agreenrdeck@acquirethisname.com
Turtle,Jocelyn,hpaterno3m@discovery.com
Hermit Crab,Henrietta,cdarragon5f@cbslocal.com
Bird,Marven,gpettingall1t@msn.com
Cat,Burgess,scrichmere2h@theguardian.com
Spider,Caye,wmedd41@nymag.com
Fish,Algernon,mbonniface29@oaic.gov.au
Spider,Courtney,rnewham65@yolasite.com
Snake,Udell,kballintimecw@eventbrite.com
Mantis,Kali,kschreursbb@npr.org
Ant Farm,Carmencita,aglitherow4o@bbc.co.uk
Horse,Scotty,tbyfortha3@myspace.com
Ferret,Nannette,jcuthbert6o@stumbleupon.com
Snake,Mara,rsteynor8q@apple.com
Ferret,Andreana,tlescop4n@craigslist.org
Rabbit,Jordanna,alidgatedd@ihg.com
Dog,Bartholomew,cfreezor2d@t.co
Pig,Bathsheba,bdeo@jiathis.com
Mantis,Hebert,kglanert4@edublogs.org
Spider,Vina,mphillpute@scientificamerican.com
Frog,Katya,lmccroary6e@blinklist.com
Bird,Vallie,sgoeff6s@ameblo.jp
Guinea Pig,Shaine,mbonniface29@oaic.gov.au
Sheep,Mareah,rwilliamson5a@timesonline.co.uk
Rat,Darcy,fhutton6i@vistaprint.com
Dog,Tabbie,sgoeff6s@ameblo.jp
Horse,Mortimer,fbatemanbw@ifeng.com
Ferret,Valry,cderkes62@hexun.com
Mantis,Gillian,cmiereai@goo.gl
Dog,Malissa,jdickman1y@salon.com
Alpaca,Gaylene,sbog2y@state.gov
Alpaca,Mirilla,msallan1d@360.cn
Snake,Hadley,krayburn9a@si.edu
Horse,Debra,alillicrap9b@epa.gov
Ant Farm,Kelcie,cbrendeke8k@fotki.com
Hamster,Cally,aschrei4t@yellowbook.com
Ant Farm,Dora,rpalk7l@sun.com
Rabbit,Anjanette,gkuschek16@cam.ac.uk
Turtle,Estele,amaccorley92@quantcast.com
Gerbil,Maryl,bkubec8f@pcworld.com
Horse,Dale,rwilliamson5a@timesonline.co.uk
Stick-Bugs,Malcolm,rchessor51@wufoo.com
Tortoise,Prudence,dguswell1z@smugmug.com
Ant Farm,Jacki,lfotherby2u@bravesites.com
Toad,Rance,tfeathersby4q@sphinn.com
Salamander,Doyle,chaselhurst6u@sbwire.com
Newt,Pammy,rpeltzer3f@squidoo.com
Guinea Pig,Melanie,mkenwrickcp@surveymonkey.com
Gecko,Araldo,rmacilurickau@youtu.be
Guinea Pig,Henka,hroloff4l@last.fm
Gecko,Melloney,bkidder9c@4shared.com
Turtle,Jackie,jlampelbj@cbsnews.com
Ferret,Paulette,amacronald7f@wikimedia.org
Tortoise,Dar,dlidierth5s@google.pl
Sheep,Raf,dspearing5g@census.gov
Ant Farm,Theodosia,gpettingall1t@msn.com
Ferret,Maude,kfarnell60@sina.com.cn
Sheep,Darren,iknoxal@dropbox.com
Salamander,Etan,cchristene7e@reuters.com
Gerbil,Marylee,bcraighall8w@stumbleupon.com
Spider,Nara,mhazeldeande@spiegel.de
Iguana,Brena,bmoncastera2@lulu.com
Fish,Wheeler,tmaynell4e@soundcloud.com
Alpaca,Cordelia,wizachik8g@amazon.com
Sheep,Osgood,mbiasini5e@seesaa.net
Stick-Bugs,Kahlil,nsinnatg@weather.com
Hermit Crab,Andie,aleisk9g@omniture.com
Frog,Renee,braincind5@livejournal.com
Hedgehog,Benni,rmenichellicf@themeforest.net
Bird,Peadar,mbonniface29@oaic.gov.au
Fish,Harley,hpaterno3m@discovery.com
Hamster,Remy,craiston4h@discovery.com
Alpaca,Astrix,rde5m@noaa.gov
Newt,Carmita,ovuitton3g@fda.gov
Pig,Daphene,frosier8e@prlog.org
Spider,Aluin,ckrolle1w@people.com.cn
Sheep,Edik,speet79@unicef.org
Rat,Katusha,cvines7v@wikia.com
Salamander,Gypsy,wbrayneax@about.me
Hermit Crab,Diahann,bmoncastera2@lulu.com
Frog,Feodora,blush77@reference.com
Fish,Susie,flanslyc8@free.fr
Salamander,Rhona,vkershaw3s@theglobeandmail.com
Salamander,Trisha,aegginsc4@fc2.com
Hamster,Luca,tfeathersby4q@sphinn.com
Gecko,Charo,lludwig24@deviantart.com
Hamster,Emalia,tchatell8s@boston.com
Hermit Crab,Shay,fstarsmeare5w@list-manage.com
Tortoise,Bryn,rpalk7l@sun.com
Stick-Bugs,Cindee,tbatemandn@cbsnews.com
Spider,Corinne,tfeathersby4q@sphinn.com
Hamster,Joanna,lashbornev@boston.com
Guinea Pig,Clemmie,acristofalo1m@usda.gov
Gerbil,Dud,ftarbard6a@bing.com
Dog,Jayson,dbattlesonc1@fema.gov
Sheep,Carlene,ltabardz@wsj.com
Stick-Bugs,Andra,cclare9l@aol.com
Horse,Parrnell,ssally5v@hhs.gov
Frog,Quintilla,fcouvert3r@themeforest.net
Spider,Cissy,epaladinocu@ft.com
Salamander,Kandace,kolechnowicza@creativecommons.org
Hedgehog,Gabey,zmartinellid7@hibu.com
Rabbit,Judy,apresslie1v@un.org
Gecko,Laryssa,gpitt90@icio.us
Cat,Giffy,mwhiteway4b@mashable.com
Newt,Brittni,cbrendeke8k@fotki.com
Turtle,Laurene,ecotest@cargocollective.com
Stick-Bugs,Rolland,emerrall8h@webmd.com
Newt,Priscella,wtomblett5j@mozilla.com
Salamander,Ringo,dcharlson2@vk.com
Newt,Hersch,bdeo@jiathis.com
Ferret,Tymothy,aegginsc4@fc2.com
Ferret,Norton,kfarnell60@sina.com.cn
Gerbil,Carolee,ahessay55@cdbaby.com
Snake,Roselle,jmarkusae@unesco.org
Newt,Geordie,sleckenbyce@ifeng.com
Sheep,Carroll,jbulloch95@sun.com
Gecko,Virgilio,abenwell3u@blogger.com
Stick-Bugs,Dolf,lashbornev@boston.com
Guinea Pig,Aile,zmartinellid7@hibu.com
Rabbit,Amelia,ecoushedm@tinyurl.com
Frog,Delora,tskryne3d@sun.com
Pig,Kipp,zduckels9j@dailymotion.com
Sheep,Layne,dcharlson2@vk.com
Ant Farm,Merle,mtodari42@bing.com
Stick-Bugs,Raychel,moneary2l@people.com.cn
Frog,Jacquetta,kgameson9p@diigo.com
Horse,Zorana,mcosker4j@nytimes.com
Alpaca,Mikael,mfiller9h@1688.com
Cat,Viki,ldunk8b@sohu.com
Bird,Janetta,skinnierat@sina.com.cn
Salamander,Ardelle,aworkes49@xrea.com
Alpaca,Kandace,fstarsmeare5w@list-manage.com
Stick-Bugs,Cally,jbulloch95@sun.com
Rabbit,Astrix,dhovenden5x@stanford.edu
Toad,Zola,ccarnihan1o@techcrunch.com
Fish,Janet,ldobbson1a@nydailynews.com
Snake,Shadow,rwilliamson5a@timesonline.co.uk
Ferret,Cello,tbatemandn@cbsnews.com
Hamster,Hedwig,rimmera0@vimeo.com
Pig,Duncan,ggillard76@diigo.com
Frog,Rosita,cmargrem4a@mysql.com
Frog,Abran,echarker7j@umich.edu
Cat,Ivar,aocarmody9u@yandex.ru
Stick-Bugs,Vale,lscotcher9m@ed.gov
Mantis,Lynett,cfreezor2d@t.co
Spider,Gus,jcarroll1e@goo.ne.jp
Guinea Pig,Randi,cpoytress57@arstechnica.com
Newt,Isabella,wreynolds8t@economist.com
Bird,Slade,kshemmans54@tripod.com
Frog,Frederick,rosherinap@wufoo.com
Guinea Pig,Evelin,jvogeler7@techcrunch.com
Iguana,Cordi,rwilliamson5a@timesonline.co.uk
Newt,Isabeau,sdahleray@xing.com
Sheep,Wallace,jdickman1y@salon.com
Mantis,Godfree,ssubhan7z@bravesites.com
Salamander,Zared,bchoulertonbs@icq.com
Frog,Henderson,tbaxstare82@canalblog.com
Hamster,Eziechiele,sstoacley7n@huffingtonpost.com
Iguana,Marchall,bkubec8f@pcworld.com
Rat,Breena,rosherinap@wufoo.com
Hermit Crab,Jacquenette,emacrierie27@e-recht24.de
Rat,Felecia,jlintott78@amazon.co.jp
Snake,Prudy,braincind5@livejournal.com
Hermit Crab,Lacee,acristofalo1m@usda.gov
Rat,Welby,ktuck74@nba.com
Tortoise,Nevile,kshemmans54@tripod.com
Toad,Tiertza,nsinnatg@weather.com
Spider,Broderick,ndener59@1und1.de
Hamster,Emalia,ahessay55@cdbaby.com
Dog,Alvan,awestripa4@sbwire.com
Rat,Boote,rgummory2e@pen.io
Salamander,Dreddy,ccarnihan1o@techcrunch.com
Snake,Garrot,ssubhan7z@bravesites.com
Gecko,Adrian,etorrancedo@themeforest.net
Cat,Shaun,amarplesac@cbslocal.com
Salamander,Braden,igutowskid3@nih.gov
Iguana,Dianemarie,vtumebc@bigcartel.com
Spider,Clerkclaude,ngausoncy@moonfruit.com
Bird,Mervin,mdruce3n@fda.gov
Bird,Adrienne,vgorman30@latimes.com
Rat,Kikelia,acridlin6f@edublogs.org
Pig,Riccardo,rchessor51@wufoo.com
Mantis,Tiphani,jscrimgeour70@smh.com.au
Ferret,Simon,bsharpinaa@cnbc.com
Guinea Pig,Alie,emocher5i@vk.com
Rabbit,Keven,gbauchopbq@mayoclinic.com
Bird,Boonie,arosedale5z@w3.org
Alpaca,Bobbie,rfishburndh@canalblog.com
Spider,Adelheid,alillicrap9b@epa.gov
Salamander,Paula,tmenel6m@myspace.com
Ant Farm,Darsie,rwilliamson5a@timesonline.co.uk
Tortoise,Eloise,bangelocq@creativecommons.org
Alpaca,Lilah,gsaylor6j@reverbnation.com
Cat,Reuven,mmowat1k@opera.com
Ant Farm,Ondrea,nsinnatg@weather.com
Bird,Jacki,akennifeck9n@theatlantic.com
Spider,Tedd,nsinnatg@weather.com
Hermit Crab,Gabriela,bkhadir1i@auda.org.au
Guinea Pig,Ashly,rbowcher6p@cnet.com
Gerbil,Allin,mmacturlough5d@issuu.com
Alpaca,Cissy,cprettejohnsdr@reddit.com
Fish,Stillman,cchristene7e@reuters.com
Salamander,Marita,aegginsc4@fc2.com
Ferret,Velma,rmetcalfcd@acquirethisname.com
Ferret,Ruby,fgrahamebg@boston.com
Stick-Bugs,Binky,doxtaby2x@barnesandnoble.com
Pig,Clemmie,egowing3i@w3.org
Rabbit,Phaidra,sbaughen4k@europa.eu
Tortoise,Muriel,zgiannini9f@ed.gov
Tortoise,Rogers,fleetedk@acquirethisname.com
Gecko,Ardenia,egoatcher1s@symantec.com
Hamster,Shepperd,alidgatedd@ihg.com
Cat,Dane,ssally5v@hhs.gov
Toad,Cordelie,kfarnell60@sina.com.cn
Turtle,Whit,bkhadir1i@auda.org.au
Fish,Nikoletta,kfarnell60@sina.com.cn
Mantis,Raye,rosherinap@wufoo.com
Salamander,Ivonne,efader93@facebook.com
Stick-Bugs,Rae,adantuoniao@mapquest.com
Spider,Trixy,ade6c@angelfire.com
Dog,Fredericka,adantuoniao@mapquest.com
Tortoise,Luelle,gtorreb2@usa.gov
Rat,Darya,plevay4x@ustream.tv
Bird,Geraldine,rchessor51@wufoo.com
Iguana,Gladys,ndener59@1und1.de
Alpaca,Bekki,igutowskid3@nih.gov
Rabbit,Dael,benderson8r@yellowpages.com
Stick-Bugs,Arly,bslowan35@google.com.au
Rabbit,Hazel,rdeathe6n@prweb.com
Ant Farm,Norrie,tgergolet7b@forbes.com
Alpaca,Catlee,sgreenstead53@ning.com
Rabbit,Roderic,lfotherby2u@bravesites.com
Cat,Ethyl,awebley4c@bigcartel.com
Fish,Ibby,asutherleyb0@creativecommons.org
Stick-Bugs,Ninetta,tparmana9@constantcontact.com
Spider,Thom,jlintott78@amazon.co.jp
Stick-Bugs,Cathi,ckettoe3o@intel.com
Rat,Muire,dhovenden5x@stanford.edu
Alpaca,Viva,pmariner87@ft.com
Gerbil,Ruggiero,ebladond8@google.de
Gecko,Binky,jdaye9e@paginegialle.it
Horse,Richie,ggorriesb9@youku.com
Hedgehog,Justin,kbrisco2t@sitemeter.com
Tortoise,Norina,nlilleyman7x@blogtalkradio.com
Toad,Barbara,aasee75@hubpages.com
Dog,Egon,kyukhovl@woothemes.com
Ferret,Shelagh,bcaffreyb4@cocolog-nifty.com
Sheep,Charissa,tbaxstare82@canalblog.com
Frog,Bess,zcolin45@businessweek.com
Spider,Addison,awebley4c@bigcartel.com
Pig,Gasper,xdeackescl@netvibes.com
Horse,Danice,nbernot97@privacy.gov.au
Mantis,Hadrian,mbiasini5e@seesaa.net
Iguana,Godard,aasee75@hubpages.com
Iguana,Almeda,dmilnercm@blogtalkradio.com
Pig,Jed,kbatropch@hud.gov
Alpaca,Claudian,bkhadir1i@auda.org.au
Gecko,Alec,mdruce3n@fda.gov
Salamander,Leonardo,moneary2l@people.com.cn
Bird,Carlynne,tsnawden2w@xing.com
Pig,Barnabe,grayson88@cornell.edu
Cat,Ky,lrosengartencv@sciencedirect.com
Cat,Robb,kfarnell60@sina.com.cn
Dog,Jerri,mbiasini5e@seesaa.net
Cat,Colin,wmedd41@nymag.com
Gerbil,Harriett,ahessay55@cdbaby.com
Rabbit,Lorelei,fo15@zdnet.com
Alpaca,Sheppard,dlidierth5s@google.pl
Bird,Lennie,mbayneba@nba.com
Hedgehog,Bernard,efader93@facebook.com
Bird,Eldridge,wreynolds8t@economist.com
Gerbil,Killian,omcall7w@newyorker.com
Stick-Bugs,Dierdre,arosedale5z@w3.org
Stick-Bugs,Bentley,amarplesac@cbslocal.com
Newt,Lynette,hrosser19@blog.com
Frog,Billie,cbowderyb1@lulu.com
Mantis,Romonda,amacconaghy6r@chronoengine.com
Fish,Farley,jcarroll1e@goo.ne.jp
Pig,Lil,khusthwaitebh@miibeian.gov.cn
Rat,Donnajean,bcaffreyb4@cocolog-nifty.com
Hedgehog,Giles,speet79@unicef.org
Bird,Christabel,lwandlessda@comcast.net
Toad,Ambrosius,rgaskillct@ucoz.com
Stick-Bugs,Mal,mglyn50@csmonitor.com
Spider,Daven,lrosengartencv@sciencedirect.com
Sheep,Davin,blush77@reference.com
Iguana,Miof mela,hduggonby@cdc.gov
Hermit Crab,Roxana,jianittello4f@cornell.edu
Hamster,Elsi,fvernham7s@latimes.com
Ferret,Rosita,cbowderyb1@lulu.com
Iguana,Elysee,jabbess8v@joomla.org
Snake,Dion,lserraillier9d@biblegateway.com
Stick-Bugs,Glenna,olutasp@wikipedia.org
Mantis,Allis,olutasp@wikipedia.org
Guinea Pig,Thain,joneal7u@digg.com
Sheep,Kenny,cderkes62@hexun.com
Ant Farm,Filippa,dgreenarddg@qq.com
Stick-Bugs,Xylia,nbottomleyc3@tamu.edu
Salamander,Vasily,eabrehartbn@wp.com
Rat,Keir,sstoacley7n@huffingtonpost.com
Tortoise,Lyda,rcornejo7c@rediff.com
Salamander,Philip,mbiasini5e@seesaa.net
Ferret,Lane,lpelman0@huffingtonpost.com
Hamster,Bernadene,jgerrels3v@yellowbook.com
Turtle,Gertrudis,eabrehartbn@wp.com
Iguana,Pierre,mhamstead8y@sohu.com
Stick-Bugs,Palm,apresslie1v@un.org
Iguana,Henriette,acoxend4@sina.com.cn
Guinea Pig,Bradly,sbertenshawbl@blogtalkradio.com
Rat,Jehu,tgergolet7b@forbes.com
Toad,Emmeline,mbonniface29@oaic.gov.au
Horse,Phineas,vshurrocksaf@shareasale.com
Rabbit,Lynette,acristofalo1m@usda.gov
Toad,Jules,mcosker4j@nytimes.com
Toad,Frederick,asizland23@nydailynews.com
Alpaca,Em,nlilleyman7x@blogtalkradio.com
Alpaca,Maryjane,ydornan17@bloomberg.com
Spider,Glennis,squaltrough5@360.cn
Cat,Averil,smactimpany9q@globo.com
Toad,Sherlocke,agoding20@cornell.edu
Hermit Crab,Jobye,tfirmageru@flickr.com
Stick-Bugs,Baron,gmorstattbt@ibm.com
Sheep,Gardie,candrews7t@who.int
Cat,Correna,ndener59@1und1.de
Cat,Blane,aasee75@hubpages.com
Hermit Crab,Alikee,arobjant4y@tinypic.com
Horse,Neilla,wtomblett5j@mozilla.com
Fish,Dorie,gpitt90@icio.us
Gecko,Emmit,tmaynell4e@soundcloud.com
Dog,Tony,tbatemandn@cbsnews.com
Iguana,Lemmie,jlintott78@amazon.co.jp
Fish,Bendicty,pmariner87@ft.com
Salamander,Phillipe,dpittway8@yelp.com
Guinea Pig,Biron,ygawthorp1h@ox.ac.uk
Ant Farm,Sharron,kschreursbb@npr.org
Tortoise,Hadria,jfrean26@who.int
Rabbit,Onofredo,aglitherow4o@bbc.co.uk
Dog,Ave,jshingfield8a@skyrock.com
Fish,Ame,gkuschek16@cam.ac.uk
Guinea Pig,Bernelle,szannini68@macromedia.com
Turtle,Nicol,blearmount7a@nytimes.com
Guinea Pig,Madeleine,olutasp@wikipedia.org
Alpaca,Burtie,lashbornev@boston.com
Ferret,Paddy,tquig39@vimeo.com
Iguana,Ninon,rgaskillct@ucoz.com
Guinea Pig,Cris,grayson88@cornell.edu
Hermit Crab,Hildegarde,dspearing5g@census.gov
Salamander,Paulina,mbonniface29@oaic.gov.au
Snake,Stanly,ebladond8@google.de
Spider,Andrew,bcaffreyb4@cocolog-nifty.com
Sheep,Ambrosio,ndener59@1und1.de
Newt,Orella,rlabet7i@sfgate.com
Fish,Miguel,sgreenstead53@ning.com
Stick-Bugs,Hymie,tvlasov2o@economist.com
Bird,Tuck,ccurton43@topsy.com
Hermit Crab,Charmain,emocher5i@vk.com
Spider,Selby,tbarczewskidq@stumbleupon.com
Hedgehog,Orazio,fticehurstcs@house.gov
Horse,Irvin,agrunguerb5@harvard.edu
Hedgehog,Shelby,egelletly1f@wikia.com
Pig,Colman,ldobbson1a@nydailynews.com
Salamander,Lindie,bworpolecx@pcworld.com
Bird,Carolee,smuggach21@google.de
Tortoise,Enrika,jlampelbj@cbsnews.com
Stick-Bugs,Denny,nwoollends80@forbes.com
Alpaca,Elly,sbog2y@state.gov
Pig,Vaughan,rsibly6b@twitpic.com
Toad,Tamqrah,fmerdewn@usnews.com
Dog,Clara,aworkes49@xrea.com
Ferret,Addison,chaselhurst6u@sbwire.com
Fish,Chelsy,bslowan35@google.com.au
Sheep,Perle,olutasp@wikipedia.org
Salamander,Taryn,cwatlingd6@miibeian.gov.cn
Pig,Ayn,emacrierie27@e-recht24.de
Newt,Sylvia,rcornejo7c@rediff.com
Mantis,Abeu,smccurdy38@smh.com.au
Pig,Theodoric,egowing3i@w3.org
Rat,Merl,mbiasini5e@seesaa.net
Guinea Pig,Justin,vshurrocksaf@shareasale.com
Tortoise,Etienne,bthurske83@cam.ac.uk
Sheep,Garland,amarplesac@cbslocal.com
Snake,Phyllys,braincind5@livejournal.com
Frog,Marcille,hmcmackin4m@furl.net
Tortoise,Crista,pnyssen2j@ed.gov
Gerbil,Clari,mmeharry40@dion.ne.jp
Sheep,Blaire,htressler11@e-recht24.de
Horse,Trey,fo15@zdnet.com
Tortoise,Bertram,dpittway8@yelp.com
Turtle,Robbie,gtorreb2@usa.gov
Newt,Jayme,mcosker4j@nytimes.com
Frog,Hamnet,yharkin8l@zdnet.com
Frog,Cyndia,ebladond8@google.de
Pig,Orrin,shalheadb6@uol.com.br
Rabbit,Elaina,bdickensoncc@psu.edu
Hermit Crab,Olympia,aegginsc4@fc2.com
Gerbil,Editha,hjenckend0@hatena.ne.jp
Toad,Granthem,ckochl72@engadget.com
Mantis,Bruce,kogbourne84@reddit.com
Ant Farm,Tracie,byitshak9z@devhub.com
Salamander,Dun,cvines7v@wikia.com
Hamster,Hakim,tquig39@vimeo.com
Rat,Garold,lrosengartencv@sciencedirect.com
Snake,Clarabelle,kogbourne84@reddit.com
Stick-Bugs,Paula,mkenwrickcp@surveymonkey.com
Alpaca,Nicholle,cwreiford5t@dedecms.com
Ferret,Reece,sbertenshawbl@blogtalkradio.com
Toad,Barbee,dpittway8@yelp.com
Newt,Jess,sstoacley7n@huffingtonpost.com
Ferret,Ced,byitshak9z@devhub.com
Hermit Crab,Wilie,bworpolecx@pcworld.com
Guinea Pig,Antons,kyukhovl@woothemes.com
Mantis,Devin,ltabardz@wsj.com
Turtle,Merline,acammackek@istockphoto.com
Ferret,Cahra,rterbrugbr@devhub.com
Snake,Sisely,grayson88@cornell.edu
Iguana,Lenard,cclare9l@aol.com
Tortoise,Brigitte,ccarnihan1o@techcrunch.com
Dog,Claudina,mbeszantb8@devhub.com
Tortoise,Merrily,mfiller9h@1688.com
Hedgehog,Daron,acammackek@istockphoto.com
Dog,Lilia,cprettejohnsdr@reddit.com
Tortoise,Kimberlyn,nsinnatg@weather.com
Horse,Corny,sstoacley7n@huffingtonpost.com
Tortoise,Loy,cskittle6y@prlog.org
Dog,Alex,gpitt90@icio.us
Frog,Johanna,kgameson9p@diigo.com
Gerbil,Wilona,pnyssen2j@ed.gov
Mantis,Bobbie,rterbrugbr@devhub.com
Ant Farm,Debor,lserraillier9d@biblegateway.com
Hermit Crab,Boyce,uradeliffecn@people.com.cn
Ant Farm,Niccolo,smactimpany9q@globo.com
Mantis,Bobine,craiston4h@discovery.com
Gerbil,Lily,jpescoddu@mozilla.com
Fish,Vale,dbattlesonc1@fema.gov
Ferret,Hurlee,iknoxal@dropbox.com
Tortoise,Winni,zbeck6g@booking.com
Cat,Andonis,fdurber6x@list-manage.com
Ant Farm,Kaia,rnewham65@yolasite.com
Hamster,Laural,aasee75@hubpages.com
Cat,Odele,gschnieder33@nationalgeographic.com
Tortoise,Tallie,eabrehartbn@wp.com
Rabbit,Camile,ktuck74@nba.com
Mantis,Rob,vfitzackerleydj@drupal.org
Hermit Crab,Isa,mzecchetti4u@amazon.de
Alpaca,Candida,ovuitton3g@fda.gov
Hamster,Kayla,kyukhovl@woothemes.com
Mantis,Rad,preadheadam@wufoo.com
Alpaca,Zachariah,jrigeby3e@home.pl
Turtle,Lissa,wbroadburyc9@nbcnews.com
Dog,Bridgette,areynads@livejournal.com
Frog,Cally,rshutler64@sciencedaily.com
Hamster,Stuart,mfaucherand56@vimeo.com
Ferret,Pammie,ygawthorp1h@ox.ac.uk
Hedgehog,Nell,acoxend4@sina.com.cn
Guinea Pig,Kevin,njagiello1u@yahoo.com
Fish,Bethina,tbarczewskidq@stumbleupon.com
Bird,Giff,djerzykaw@last.fm
Ferret,Del,jgerrels3v@yellowbook.com
Dog,Manfred,skinnierat@sina.com.cn
Iguana,Rodrigo,kyukhovl@woothemes.com
Stick-Bugs,Aubrette,tparmana9@constantcontact.com
Guinea Pig,Lurlene,grayson88@cornell.edu
Ant Farm,Averil,bkubec8f@pcworld.com
Alpaca,Bondy,haubery18@odnoklassniki.ru
Sheep,Spenser,rpeltzer3f@squidoo.com
Sheep,Nomi,jrigeby3e@home.pl
Stick-Bugs,Gabriela,epaladinocu@ft.com
Sheep,Vevay,jfrean26@who.int
Ant Farm,Louise,dliddel3p@ycombinator.com
Frog,Rikki,dlidierth5s@google.pl
Guinea Pig,Madel,lrosengartencv@sciencedirect.com
Iguana,Stillmann,klindback5b@state.tx.us
Mantis,Janeva,smuggach21@google.de
Rabbit,Isadore,sdominik2v@merriam-webster.com
Rabbit,Shady,alidgatedd@ihg.com
Bird,Neile,bcaffreyb4@cocolog-nifty.com
Hermit Crab,Karalee,cclare9l@aol.com
Tortoise,Willow,kglanert4@edublogs.org
Rabbit,Celestyn,afearesbo@yellowpages.com
Tortoise,Ammamaria,tpagitt6w@tinyurl.com
Sheep,Amitie,wmcfie48@goo.gl
Fish,Ross,sbaughen4k@europa.eu
Guinea Pig,Emile,igutowskid3@nih.gov
Dog,Loree,rnewham65@yolasite.com
Mantis,Ely,jianittello4f@cornell.edu
Hermit Crab,Ario,jfrean26@who.int
Rat,Danya,rde5m@noaa.gov
Gerbil,Patsy,ocrookesdf@aol.com
Newt,Fran,dcamilio85@upenn.edu
Rabbit,Burton,cdumphriesci@google.co.uk
Alpaca,Latrena,kshemmans54@tripod.com
Stick-Bugs,Keely,wbroadburyc9@nbcnews.com
Tortoise,Rozina,tskryne3d@sun.com
Stick-Bugs,Scarlet,tstaddartbe@about.com
Fish,Nicky,sbertenshawbl@blogtalkradio.com
Spider,Siegfried,brosekillyw@cmu.edu
Salamander,Martie,bramet3a@disqus.com
Turtle,Arluene,mfaucherand56@vimeo.com
Dog,Desi,jshingfield8a@skyrock.com
Alpaca,Lisabeth,dlidyard2k@moonfruit.com
Cat,Ashla,cbarkes5h@webs.com
Sheep,Dorita,wtomblett5j@mozilla.com
Horse,Charmine,dhovenden5x@stanford.edu
Spider,Marena,kosheils4w@elegantthemes.com
Iguana,Keir,vfoy8c@tumblr.com
Gecko,Trumaine,pnyssen2j@ed.gov
Fish,Blondie,awestripa4@sbwire.com
Newt,Jillana,sgoeff6s@ameblo.jp
Spider,Buiron,jharriskine7q@home.pl
Snake,Clarance,fberrecloth5n@businessinsider.com
Rat,Nanni,cbriddle12@auda.org.au
Hermit Crab,Myrtie,kschreursbb@npr.org
Hermit Crab,Alva,rterbrugbr@devhub.com
Spider,Shandeigh,mbayneba@nba.com
Hermit Crab,Viviana,gredonab@tripadvisor.com
Fish,Sharia,bramet3a@disqus.com
Turtle,Packston,ppoznanc7@jiathis.com
Frog,Rahel,vfitzackerleydj@drupal.org
Salamander,Lorain,bkubec8f@pcworld.com
Frog,Del,fleetedk@acquirethisname.com
Alpaca,Eric,cmargrem4a@mysql.com
Tortoise,Carine,shalheadb6@uol.com.br
Toad,Myrtle,jbulloch95@sun.com
Turtle,Morganica,tchatell8s@boston.com
Bird,Roderich,bsquirrell5k@studiopress.com
Alpaca,Jacobo,dbarhems4v@wisc.edu
Hermit Crab,Itch,dguswell1z@smugmug.com
Rat,Nicholle,craiston4h@discovery.com
Sheep,Tanitansy,tcobbleda8@geocities.com
Hermit Crab,Feliza,rminchintonb3@posterous.com
Hermit Crab,Noemi,cthorntondewhirst13@vimeo.com
Newt,Elwin,kbrisco2t@sitemeter.com
Ant Farm,Aurelea,hmorffew3w@netscape.com
Dog,Donall,echarker7j@umich.edu
Hedgehog,Ellynn,ftarbard6a@bing.com
Tortoise,Kerr,sgrix37@macromedia.com
Hedgehog,Leena,ostarkie1r@biblegateway.com
Ant Farm,Christoph,wdibbea1@businessweek.com
Spider,Micah,mmeharry40@dion.ne.jp
Hedgehog,Daffi,mhamstead8y@sohu.com
Hamster,Johnny,mandrichukas@npr.org
Newt,Lucilia,mmeharry40@dion.ne.jp
Hamster,Rosalia,swaggbz@sbwire.com
Stick-Bugs,Sibelle,yhurford89@ifeng.com
Hamster,Bartolemo,cgainsborough9y@engadget.com
Toad,Packston,szannini68@macromedia.com
Cat,Shannan,gschnieder33@nationalgeographic.com
Ferret,Vittoria,mtabner9w@digg.com
Iguana,Luelle,dkernells@wunderground.com
Rat,Estell,acoxend4@sina.com.cn
Alpaca,Allin,bguebv@time.com
Turtle,Myrna,zbiffendc@craigslist.org
Spider,Glyn,fcrookshank2p@gnu.org
Iguana,Amy,aegginsc4@fc2.com
Iguana,Kari,iknoxal@dropbox.com
Hermit Crab,Smith,alidgatedd@ihg.com
Toad,Hernando,fmerdewn@usnews.com
Bird,Ebeneser,jharriskine7q@home.pl
Newt,Aharon,jfrean26@who.int
Horse,Linda,kgameson9p@diigo.com
Hermit Crab,Chrisse,sgoeff6s@ameblo.jp
Alpaca,Rhodia,aerrowe8d@washingtonpost.com
Dog,Kimmie,cmcmanaman5o@yolasite.com
Newt,Alisander,cgage8i@ameblo.jp
Snake,Elfie,gpitt90@icio.us
Sheep,Charmian,rpalk7l@sun.com
Salamander,Randa,lwandlessda@comcast.net
Horse,Gardener,zcolin45@businessweek.com
Ant Farm,Jule,nadamovicz7m@unicef.org
Guinea Pig,Fritz,jlearoyde6t@nbcnews.com
Rat,Karoline,tgergolet7b@forbes.com
Iguana,Griffin,mhamstead8y@sohu.com
Bird,Ealasaid,awebley4c@bigcartel.com
Ant Farm,Thalia,hrobeirodp@cloudflare.com
Horse,Gaelan,kconerding1g@harvard.edu
Cat,Cherri,nshera4g@pinterest.com
Stick-Bugs,Trixy,cgainsborough9y@engadget.com
Iguana,Jephthah,kgomerydi@alexa.com
Bird,Minta,scalleardv@indiegogo.com
Ferret,Elvyn,ocleave61@umich.edu
Stick-Bugs,Davina,fbatemanbw@ifeng.com
Gerbil,Arel,gpitt90@icio.us
Stick-Bugs,Deeyn,ffrift3h@huffingtonpost.com
Newt,Patty,wspellsworth34@ameblo.jp
Stick-Bugs,Cherise,arosedale5z@w3.org
Rat,Nelson,aegginsc4@fc2.com
Rat,Penelope,cmcmanaman5o@yolasite.com
Rabbit,Che,dlidyard2k@moonfruit.com
Horse,Darb,spetow25@ucsd.edu
Gecko,Damian,hduggonby@cdc.gov
Cat,Victoir,mmeharry40@dion.ne.jp
Rat,Jewell,gkuschek16@cam.ac.uk
Snake,Georgeanne,rgummory2e@pen.io
Gerbil,Phylys,rimmera0@vimeo.com
Ferret,Nollie,sleckenbyce@ifeng.com
Guinea Pig,Zola,gklaff2c@g.co
Ferret,Currie,kbatropch@hud.gov
Snake,Armin,haubery18@odnoklassniki.ru
Newt,Hamel,cgandycj@zdnet.com
Gerbil,Archibold,egelletly1f@wikia.com
Newt,Elfreda,preadheadam@wufoo.com
Mantis,Feodor,bpendle3z@unblog.fr
Frog,Susanna,acammackek@istockphoto.com
Hamster,Beryl,jlearoyde6t@nbcnews.com
Alpaca,Polly,kyukhovl@woothemes.com
Hamster,Ariana,acurnnok7h@vkontakte.ru
Dog,Analiese,zbatch7d@reverbnation.com
Sheep,Thaxter,bghio44@elpais.com
Mantis,Conroy,msallan1d@360.cn
Toad,Gayle,omcall7w@newyorker.com
Cat,Giuditta,jbulloch95@sun.com
Ant Farm,Margareta,ahessay55@cdbaby.com
Snake,Dollie,cprettejohnsdr@reddit.com
Toad,Cordie,swytchard9v@fastcompany.com
Hermit Crab,Cindra,fvernham7s@latimes.com
Hedgehog,Adelina,jdaye9e@paginegialle.it
Snake,Garrard,agrunguerb5@harvard.edu
Ferret,Sephira,ystolte7k@networkadvertising.org
Stick-Bugs,Shalne,fcorbiex@elegantthemes.com
Hamster,Caritta,hstormonth46@dyndns.org
Snake,Ethan,govershott52@hhs.gov
Stick-Bugs,Janeen,nantonacci1l@wordpress.org
Gerbil,Cory,djerzykaw@last.fm
Pig,Steven,hjenckend0@hatena.ne.jp
Bird,Hilda,nshearstone6h@geocities.com
Ferret,Dominica,fdurber6x@list-manage.com
Gerbil,Gorden,bchoulertonbs@icq.com
Turtle,Maud,ogallgher58@intel.com
Guinea Pig,Jayne,amarplesac@cbslocal.com
Cat,Carmita,tchatell8s@boston.com
Gecko,Sheila,fdiben3b@shop-pro.jp
Fish,Cornie,ccurton43@topsy.com
Mantis,Eulalie,cgainsborough9y@engadget.com
Salamander,Berte,vfitzackerleydj@drupal.org
Dog,Aindrea,tcobbleda8@geocities.com
Ant Farm,Nancie,ngausoncy@moonfruit.com
Ferret,Shea,mcosker4j@nytimes.com
Rat,Benetta,cbarkes5h@webs.com
Ant Farm,Slade,ckauschkeca@mtv.com
Dog,Merwin,dcheesworthcz@squidoo.com
Sheep,Bonni,frosier8e@prlog.org
Toad,Thaddus,jrigeby3e@home.pl
Toad,Pierrette,akennifeck9n@theatlantic.com
Frog,Leeann,cbrendeke8k@fotki.com
Bird,Silvio,hgreenmonbu@apache.org
Cat,Dukey,brosekillyw@cmu.edu
Pig,Jada,yharkin8l@zdnet.com
Tortoise,Carline,tpagitt6w@tinyurl.com
Sheep,Abby,ckauschkeca@mtv.com
Bird,Thedric,jscrimgeour70@smh.com.au
Gecko,Gilberte,ndener59@1und1.de
Rat,Robin,trutherfoord66@springer.com
Turtle,Charmine,tbuckingham5r@ebay.co.uk
Hamster,Brandon,rmetcalfcd@acquirethisname.com
Alpaca,Belita,mjime28@mail.ru
Guinea Pig,Diann,ngausoncy@moonfruit.com
Snake,Buiron,jlearoyde6t@nbcnews.com
Snake,Mirna,mtabner9w@digg.com
Bird,Scot,rarends5q@networkadvertising.org
Mantis,Siobhan,fbatemanbw@ifeng.com
Bird,Romonda,wbrayneax@about.me
Dog,Winfred,emacrierie27@e-recht24.de
Dog,Kip,ystolte7k@networkadvertising.org
Fish,Price,fdiben3b@shop-pro.jp
Gerbil,Nydia,gschultheiss2n@bravesites.com
Tortoise,Ulrich,lpelman0@huffingtonpost.com
Horse,Debor,arosedale5z@w3.org
Snake,Brig,kcoey8o@hexun.com
Ant Farm,Grove,bmetzelah@ibm.com
Tortoise,Garik,pmcbain1x@pcworld.com
Turtle,Berta,msallan1d@360.cn
Sheep,Andrea,rgaskillct@ucoz.com
Spider,Ave,zgiannini9f@ed.gov
Turtle,Bev,mmacturlough5d@issuu.com
Turtle,Benni,fcorbiex@elegantthemes.com
Tortoise,Oralle,mfaucherand56@vimeo.com
Tortoise,Ozzy,mpundy9s@ed.gov
Sheep,Gunar,dlapish22@bandcamp.com
Tortoise,Karoline,rcornejo7c@rediff.com
Ant Farm,Cammy,ystolte7k@networkadvertising.org
Frog,Milena,lrosengartencv@sciencedirect.com
Hermit Crab,Base,cgage8i@ameblo.jp
Hermit Crab,Lois,kgomerydi@alexa.com
Dog,Kalina,nbottomleyc3@tamu.edu
Stick-Bugs,Parnell,emacrierie27@e-recht24.de
Newt,Donnie,hmcmackin4m@furl.net
Hamster,Ibby,ggorriesb9@youku.com
Tortoise,Trixie,igutowskid3@nih.gov
Gecko,Jeno,dfaulks91@blog.com
Tortoise,Lockwood,bguebv@time.com
Mantis,Sammie,mlynnett4z@printfriendly.com
Gerbil,Frazier,jdickman1y@salon.com
Rat,Etty,cchristene7e@reuters.com
Horse,Randi,gbayles2z@acquirethisname.com
Hamster,Stu,cfreezor2d@t.co
Hedgehog,Ferrell,mcosker4j@nytimes.com
Toad,Amye,rde5m@noaa.gov
Tortoise,Kirk,bkubec8f@pcworld.com
Snake,Pet,cwatlingd6@miibeian.gov.cn
Hedgehog,Athene,mmeedendorpei@fc2.com
Fish,Bradly,mhamstead8y@sohu.com
Stick-Bugs,Carly,kcoey8o@hexun.com
Turtle,Gilbertine,mcane8n@addtoany.com
Guinea Pig,Brock,tchatell8s@boston.com
Sheep,Marie-ann,rpeltzer3f@squidoo.com
Bird,Chuck,mpresley7o@indiegogo.com
Spider,Forest,mtodari42@bing.com
Gecko,Dredi,speet79@unicef.org
Gecko,Maegan,ade6c@angelfire.com
Sheep,Linc,ade6c@angelfire.com
Cat,Billi,fbatemanbw@ifeng.com
Ant Farm,Rosella,bpendle3z@unblog.fr
Turtle,Anthe,kschreursbb@npr.org
Newt,Hadria,klawful10@globo.com
Stick-Bugs,Cart,mkilgannon6@zdnet.com
Rabbit,Wynne,nsinnatg@weather.com
Hermit Crab,Gabi,jmarkusae@unesco.org
Rat,Trefor,sbog2y@state.gov
Hedgehog,Inez,rde5m@noaa.gov
Sheep,Eliza,cdumphriesci@google.co.uk
Cat,Joachim,bkidder9c@4shared.com
Alpaca,Rafaelita,bslowan35@google.com.au
Guinea Pig,Vickie,kballintimecw@eventbrite.com
Guinea Pig,Cherice,cgandycj@zdnet.com
Horse,Mariann,jdickman1y@salon.com
Pig,Arluene,klawful10@globo.com
Ferret,Jan,cgage8i@ameblo.jp
Ferret,Valli,dcharlson2@vk.com
Snake,Dmitri,jabbess8v@joomla.org
Frog,Thaine,sstoacley7n@huffingtonpost.com
Bird,Moses,rcracker2b@bloglines.com
Newt,Devonna,fo15@zdnet.com
Horse,Olenolin,ogallgher58@intel.com
Rabbit,Alick,acammackek@istockphoto.com
Fish,Giffer,fdavydochbf@foxnews.com
Fish,Moselle,ckrolle1w@people.com.cn
Rabbit,Saba,htressler11@e-recht24.de
Sheep,Hermy,kgameson9p@diigo.com
Mantis,Yvonne,bguebv@time.com
Hamster,Carolyn,uradeliffecn@people.com.cn
Hedgehog,Helaine,mzecchetti4u@amazon.de
Sheep,Sinclare,vtumebc@bigcartel.com
Hamster,Meyer,awebley4c@bigcartel.com
Mantis,Saleem,wspellsworth34@ameblo.jp
Rat,Clarey,jlampelbj@cbsnews.com
Fish,Ana,acammackek@istockphoto.com
Horse,Marja,sdahleray@xing.com
Mantis,Efrem,vtumebc@bigcartel.com
Bird,Donaugh,hmorffew3w@netscape.com
Horse,Julianne,dgreenarddg@qq.com
Pig,Hurleigh,aglitherow4o@bbc.co.uk
Mantis,Shurlock,omcall7w@newyorker.com
Fish,Lorry,zcolin45@businessweek.com
Salamander,Betti,jmarkusae@unesco.org
Rabbit,Fernando,mavey4s@oaic.gov.au
Hermit Crab,Kingsley,bcraighall8w@stumbleupon.com
Stick-Bugs,Selby,bkidder9c@4shared.com
Mantis,Eleanora,dliddel3p@ycombinator.com
Ferret,Niven,ecargill5u@sfgate.com
Alpaca,Malchy,tbuckingham5r@ebay.co.uk
Tortoise,Delora,krayburn9a@si.edu
Ferret,Colas,lpelman0@huffingtonpost.com
Fish,Stearne,kgomerydi@alexa.com
Pig,Llywellyn,rpeltzer3f@squidoo.com
Dog,Boycie,fstarsmeare5w@list-manage.com
Gerbil,Rog,tgergolet7b@forbes.com
Gerbil,Vernice,mfiller9h@1688.com
Turtle,Hersch,bslowan35@google.com.au
Bird,Dinny,cfreezor2d@t.co
Tortoise,Krishna,ade6c@angelfire.com
Gecko,Agretha,dkernells@wunderground.com
Fish,Webb,dkernells@wunderground.com
Tortoise,Burty,njagiello1u@yahoo.com
Frog,Farr,shalheadb6@uol.com.br
Sheep,Tessa,hroloff4l@last.fm
Hedgehog,Berti,apresslie1v@un.org
Newt,Rochell,ogallgher58@intel.com
Gecko,Pavla,jlearoyde6t@nbcnews.com
Spider,Ives,dlapish22@bandcamp.com
Alpaca,Carter,klindback5b@state.tx.us
Spider,Eloise,rskeffingtonc5@ox.ac.uk
Cat,Ryley,cgandycj@zdnet.com
Guinea Pig,Waverley,dlambardr@china.com.cn
Pig,Reuben,jarkcolldl@goo.ne.jp
Ant Farm,Meggy,btenaunt63@springer.com
Cat,Bari,hdillon2f@umn.edu
Fish,Wilmette,rpalk7l@sun.com
Stick-Bugs,Coleman,agreenrdeck@acquirethisname.com
Spider,Chad,hjuggins3y@github.com
Stick-Bugs,Taryn,sgoeff6s@ameblo.jp
Ferret,Prisca,ccurton43@topsy.com
Gecko,Dave,dmilnercm@blogtalkradio.com
Gerbil,Angele,cdarragon5f@cbslocal.com
Newt,Robin,lborsayf@sun.com
Dog,Rudy,fcouvert3r@themeforest.net
Salamander,Mareah,chaselhurst6u@sbwire.com
Hedgehog,Aubree,ggillard76@diigo.com
Fish,Shanna,yhurford89@ifeng.com
Dog,Collin,egeistmannar@nhs.uk
Fish,Kip,zmartinellid7@hibu.com
Frog,Sully,kolechnowicza@creativecommons.org
Frog,Fabien,hnewsond9@addthis.com
Cat,Florina,etorrancedo@themeforest.net
Alpaca,Kitti,mandrichukas@npr.org
Bird,Bondy,ccurton43@topsy.com
Stick-Bugs,Adelice,lwandlessda@comcast.net
Sheep,Ruy,ogallgher58@intel.com
Rabbit,Ugo,arobjant4y@tinypic.com
Iguana,Eudora,hrosser19@blog.com
Rabbit,Monte,jdaye9e@paginegialle.it
Gecko,Gerard,ddwire1@archive.org
Toad,Katheryn,btenaunt63@springer.com
Spider,Harland,zmartinellid7@hibu.com
Turtle,Berti,tbuckingham5r@ebay.co.uk
Gerbil,Farlie,fleetedk@acquirethisname.com
Gecko,Nealon,tlescop4n@craigslist.org
Dog,Ilario,lludwig24@deviantart.com
Sheep,Christan,jcuthbert6o@stumbleupon.com
Sheep,Elenore,yluckeyan@artisteer.com
Spider,Ethelyn,gsaylor6j@reverbnation.com
Newt,Arlie,rchessor51@wufoo.com
Hermit Crab,Tish,ktuck74@nba.com
Horse,Celia,nwoollends80@forbes.com
Hermit Crab,Theo,wciobutaru86@wufoo.com
Salamander,Odelinda,hmcmackin4m@furl.net
Pig,Saleem,bclemenceau3k@about.me
Gerbil,Orelie,lberzen3@netvibes.com
Rat,Wolfy,afearesbo@yellowpages.com
Ant Farm,Corene,agreenrdeck@acquirethisname.com
Fish,Bruis,cfreezor2d@t.co
Gerbil,Marie,jabbess8v@joomla.org
Gecko,Nikolas,gheel5p@quantcast.com
Fish,Price,cbrendeke8k@fotki.com
Toad,Kurtis,bclellandb@cbsnews.com
Pig,Corey,blinnemann6d@opera.com
Fish,Issi,jianittello4f@cornell.edu
Cat,Iolanthe,wdibbea1@businessweek.com
Turtle,Nicolis,ejanos8p@is.gd
Rabbit,Gilligan,dkernells@wunderground.com
Mantis,Guglielmo,kgameson9p@diigo.com
Stick-Bugs,Solly,cbarkes5h@webs.com
Guinea Pig,Elizabeth,dlidyard2k@moonfruit.com
Gerbil,Court,ostarkie1r@biblegateway.com
Frog,Beulah,agoding20@cornell.edu
Ant Farm,Frieda,tgergolet7b@forbes.com
Hermit Crab,Jacquenette,jnorville81@irs.gov
Salamander,Coriss,gtorreb2@usa.gov
