pet_name,special_requirement,email
Elvera,rutrum rutrum neque aenean auctor gravida sem praesent id massa id nisl venenatis lacinia aenean sit amet,ahymans0@printfriendly.com
Essy,mauris non ligula pellentesque ultrices phasellus id sapien in sapien iaculis congue vivamus metus arcu adipiscing molestie hendrerit,eprimarolo1@cyberchimps.com
Ellie,nam congue risus semper porta volutpat quam pede lobortis ligula sit amet eleifend pede libero quis orci nullam molestie nibh,niacoboni2@phpbb.com
Jodee,nisl duis bibendum felis sed interdum venenatis turpis enim blandit mi in porttitor pede,rbrunetti3@google.de
Marcille,interdum mauris non ligula pellentesque ultrices phasellus id sapien in sapien iaculis,jvarrow4@php.net
Devi,magna vulputate luctus cum sociis natoque penatibus et magnis dis parturient montes,jphilpin5@cam.ac.uk
Morgen,convallis tortor risus dapibus augue vel accumsan tellus nisi eu orci mauris lacinia sapien quis libero,achallicum6@bloomberg.com
Emanuele,in porttitor pede justo eu massa donec dapibus duis at velit,cedworthie7@seesaa.net
Locke,mus vivamus vestibulum sagittis sapien cum sociis natoque penatibus et magnis dis parturient montes nascetur ridiculus mus,dockwell8@chicagotribune.com
Colleen,tincidunt in leo maecenas pulvinar lobortis est phasellus sit amet erat nulla tempus vivamus in felis,gjerrems9@acquirethisname.com
Leoline,maecenas pulvinar lobortis est phasellus sit amet erat nulla tempus vivamus in felis,vpidona@sogou.com
Claudius,sed augue aliquam erat volutpat in congue etiam justo etiam pretium iaculis justo in hac,cmcphaterb@163.com
Sonny,vel ipsum praesent blandit lacinia erat vestibulum sed magna at,slisimorec@printfriendly.com
Sky,gravida sem praesent id massa id nisl venenatis lacinia aenean sit amet,opoyled@zdnet.com
Hannis,curabitur at ipsum ac tellus semper interdum mauris ullamcorper purus sit amet nulla quisque,ibrotherheede@friendfeed.com
Tanhya,libero nam dui proin leo odio porttitor id consequat in consequat ut nulla sed accumsan felis ut,asapseedf@oakley.com
Dagny,viverra diam vitae quam suspendisse potenti nullam porttitor lacus at turpis donec,hhugoning@businessinsider.com
Raymund,nisl nunc nisl duis bibendum felis sed interdum venenatis turpis enim blandit mi in porttitor,bmatschukh@umn.edu
Erinn,risus semper porta volutpat quam pede lobortis ligula sit amet eleifend pede libero quis orci,myerletti@cpanel.net
William,nibh quisque id justo sit amet sapien dignissim vestibulum vestibulum,jschulzj@pinterest.com
Davidde,turpis adipiscing lorem vitae mattis nibh ligula nec sem duis aliquam convallis nunc proin at turpis a pede,mheakinsk@latimes.com
Jehu,magnis dis parturient montes nascetur ridiculus mus etiam vel augue vestibulum rutrum rutrum neque aenean auctor gravida sem,gmalcolmsonl@google.com.hk
Christen,augue vestibulum ante ipsum primis in faucibus orci luctus et ultrices posuere cubilia curae,bbettem@loc.gov
Mal,et commodo vulputate justo in blandit ultrices enim lorem ipsum dolor sit amet consectetuer adipiscing elit proin interdum,lecklyn@dyndns.org
Christa,curae mauris viverra diam vitae quam suspendisse potenti nullam porttitor lacus at turpis donec posuere metus vitae ipsum aliquam,gclemono@columbia.edu
Lynette,amet justo morbi ut odio cras mi pede malesuada in imperdiet et commodo,thesserp@rambler.ru
Thibaut,suspendisse potenti cras in purus eu magna vulputate luctus cum sociis natoque penatibus et,vshawcroftq@nih.gov
Feliza,in felis eu sapien cursus vestibulum proin eu mi nulla,ldysertr@indiatimes.com
Barbra,luctus tincidunt nulla mollis molestie lorem quisque ut erat curabitur gravida nisi at,sdonahos@uiuc.edu
Juliane,tellus semper interdum mauris ullamcorper purus sit amet nulla quisque arcu libero rutrum ac lobortis vel,kblythingt@prweb.com
Efrem,odio justo sollicitudin ut suscipit a feugiat et eros vestibulum ac est lacinia nisi venenatis tristique fusce congue,hcherringtonu@gov.uk
Virgie,sociis natoque penatibus et magnis dis parturient montes nascetur ridiculus,ldumberellv@state.tx.us
Kris,in lacus curabitur at ipsum ac tellus semper interdum mauris,gshutlew@mtv.com
Lamar,nulla suscipit ligula in lacus curabitur at ipsum ac tellus semper interdum mauris ullamcorper purus sit amet nulla quisque,rantognozziix@multiply.com
Gisela,viverra dapibus nulla suscipit ligula in lacus curabitur at ipsum ac tellus semper interdum mauris ullamcorper purus sit amet,srojasy@yolasite.com
Florrie,bibendum morbi non quam nec dui luctus rutrum nulla tellus in sagittis dui vel nisl duis,dhindshawz@sogou.com
Selestina,mauris vulputate elementum nullam varius nulla facilisi cras non velit nec nisi vulputate,abancroft10@google.nl
Clyve,sem mauris laoreet ut rhoncus aliquet pulvinar sed nisl nunc rhoncus dui vel sem sed sagittis nam congue risus semper,amunehay11@people.com.cn
Oralia,orci pede venenatis non sodales sed tincidunt eu felis fusce posuere felis,aconway12@wordpress.com
Stavros,pede ac diam cras pellentesque volutpat dui maecenas tristique est et tempus semper est quam pharetra magna,rfordy13@google.cn
Goldia,scelerisque mauris sit amet eros suspendisse accumsan tortor quis turpis,smccullogh14@ted.com
Chan,consequat morbi a ipsum integer a nibh in quis justo maecenas,jtuhy15@fotki.com
Reta,habitasse platea dictumst maecenas ut massa quis augue luctus tincidunt nulla mollis,ltewkesberrie16@cocolog-nifty.com
Patty,in hac habitasse platea dictumst etiam faucibus cursus urna ut,kbriddock17@washington.edu
Kimbell,sit amet eleifend pede libero quis orci nullam molestie nibh in lectus pellentesque at nulla suspendisse,agiddings18@facebook.com
Gavan,ut blandit non interdum in ante vestibulum ante ipsum primis in faucibus orci luctus et ultrices posuere,dmc19@themeforest.net
Nils,lobortis sapien sapien non mi integer ac neque duis bibendum morbi non quam nec dui luctus,kburchmore1a@youtube.com
Bailie,id turpis integer aliquet massa id lobortis convallis tortor risus dapibus augue vel accumsan tellus nisi,cburnhams1b@usnews.com
Reena,lacus purus aliquet at feugiat non pretium quis lectus suspendisse potenti in eleifend,bbonnesen1c@pagesperso-orange.fr
Rafi,morbi a ipsum integer a nibh in quis justo maecenas rhoncus aliquam lacus morbi quis tortor id nulla,mbreach1d@amazon.co.uk
Daisy,semper est quam pharetra magna ac consequat metus sapien ut,mkikke1e@studiopress.com
Elaine,nisl venenatis lacinia aenean sit amet justo morbi ut odio,mhache1f@indiegogo.com
Esdras,ac nulla sed vel enim sit amet nunc viverra dapibus nulla suscipit ligula in lacus curabitur at ipsum,gmargrem1g@de.vu
Jeanie,tortor risus dapibus augue vel accumsan tellus nisi eu orci mauris lacinia sapien quis libero nullam sit,vwalklate1h@columbia.edu
William,volutpat sapien arcu sed augue aliquam erat volutpat in congue etiam justo etiam,lsambals1i@businessinsider.com
Geri,duis faucibus accumsan odio curabitur convallis duis consequat dui nec nisi volutpat eleifend donec ut dolor morbi vel lectus in,oarnaut1j@cbslocal.com
Saundra,sem mauris laoreet ut rhoncus aliquet pulvinar sed nisl nunc rhoncus dui vel sem sed,jorodane1k@imdb.com
Linoel,in faucibus orci luctus et ultrices posuere cubilia curae duis faucibus accumsan odio curabitur convallis duis consequat dui,astevings1l@twitpic.com
Mignonne,pede lobortis ligula sit amet eleifend pede libero quis orci nullam molestie,hreame1m@feedburner.com
Adel,vestibulum ante ipsum primis in faucibus orci luctus et ultrices posuere cubilia curae mauris viverra diam vitae quam suspendisse potenti,ilevermore1n@weibo.com
William,dapibus augue vel accumsan tellus nisi eu orci mauris lacinia sapien quis libero nullam sit amet turpis,bgehrtz1o@businessinsider.com
Erhard,vel pede morbi porttitor lorem id ligula suspendisse ornare consequat lectus in est risus auctor sed,cleask1p@psu.edu
Maryl,tincidunt ante vel ipsum praesent blandit lacinia erat vestibulum sed magna at nunc commodo placerat praesent blandit,pbeadles1q@seattletimes.com
Dwain,vestibulum quam sapien varius ut blandit non interdum in ante vestibulum ante ipsum primis in faucibus orci luctus et ultrices,astreater1r@rediff.com
Orrin,placerat praesent blandit nam nulla integer pede justo lacinia eget tincidunt eget tempus vel pede morbi porttitor lorem,ghummerston1s@guardian.co.uk
Melinde,id pretium iaculis diam erat fermentum justo nec condimentum neque sapien placerat ante nulla justo aliquam,mmorena1t@pbs.org
Adina,nunc viverra dapibus nulla suscipit ligula in lacus curabitur at ipsum ac tellus semper,alambart1u@microsoft.com
Gabey,nibh in quis justo maecenas rhoncus aliquam lacus morbi quis,gashurst1v@webeden.co.uk
Rebecca,ante ipsum primis in faucibus orci luctus et ultrices posuere cubilia curae mauris viverra,ctullett1w@imdb.com
Axel,ut rhoncus aliquet pulvinar sed nisl nunc rhoncus dui vel sem sed sagittis nam congue risus semper porta volutpat,dahearne1x@hibu.com
Olivia,velit vivamus vel nulla eget eros elementum pellentesque quisque porta,apammenter1y@mayoclinic.com
Lavena,rhoncus mauris enim leo rhoncus sed vestibulum sit amet cursus id turpis integer aliquet,kraiston1z@oracle.com
Parrnell,suscipit ligula in lacus curabitur at ipsum ac tellus semper interdum,jshemwell20@drupal.org
Minerva,pellentesque volutpat dui maecenas tristique est et tempus semper est quam pharetra magna ac consequat metus sapien ut,tcurrey21@cam.ac.uk
Margie,leo maecenas pulvinar lobortis est phasellus sit amet erat nulla tempus vivamus in felis eu sapien cursus vestibulum proin,dsaunderson22@guardian.co.uk
Wynny,ultrices phasellus id sapien in sapien iaculis congue vivamus metus,mcarluccio23@cpanel.net
Aldric,vulputate vitae nisl aenean lectus pellentesque eget nunc donec quis orci eget orci vehicula,ocunnington24@webnode.com
Prent,morbi quis tortor id nulla ultrices aliquet maecenas leo odio condimentum,lgaiger25@amazon.com
Abrahan,ipsum dolor sit amet consectetuer adipiscing elit proin interdum mauris non ligula pellentesque ultrices phasellus id sapien in,bmcgreil26@ucoz.com
Sena,neque aenean auctor gravida sem praesent id massa id nisl venenatis,rcoots27@usgs.gov
Sebastiano,donec ut mauris eget massa tempor convallis nulla neque libero convallis eget eleifend luctus ultricies eu nibh quisque id,taslin28@telegraph.co.uk
Chase,pulvinar sed nisl nunc rhoncus dui vel sem sed sagittis nam congue risus,loxenbury29@cam.ac.uk
Vania,phasellus in felis donec semper sapien a libero nam dui proin leo odio porttitor,amarder2a@sphinn.com
Stoddard,enim blandit mi in porttitor pede justo eu massa donec dapibus duis at velit,vharrild2b@wunderground.com
Kristoffer,faucibus orci luctus et ultrices posuere cubilia curae duis faucibus accumsan odio curabitur convallis duis,paimson2c@google.co.uk
Rozella,euismod scelerisque quam turpis adipiscing lorem vitae mattis nibh ligula nec sem duis aliquam,aedghinn2d@ezinearticles.com
Renaud,id massa id nisl venenatis lacinia aenean sit amet justo morbi ut odio cras mi pede,gnourse2e@google.com.br
Sloane,et magnis dis parturient montes nascetur ridiculus mus etiam vel augue vestibulum,bkingcott2f@rambler.ru
Laurella,quam suspendisse potenti nullam porttitor lacus at turpis donec posuere metus vitae ipsum aliquam non mauris morbi non,mfowkes2g@nydailynews.com
Laurie,risus dapibus augue vel accumsan tellus nisi eu orci mauris lacinia sapien quis libero nullam sit amet,ebunt2h@discovery.com
Marquita,mauris morbi non lectus aliquam sit amet diam in magna bibendum imperdiet nullam orci,tprati2i@cmu.edu
Glynnis,ut erat curabitur gravida nisi at nibh in hac habitasse platea dictumst aliquam augue quam sollicitudin vitae consectetuer,asimeonov2j@posterous.com
Dita,quis orci nullam molestie nibh in lectus pellentesque at nulla suspendisse potenti cras in purus eu magna,fboustead2k@e-recht24.de
Wendy,vestibulum ante ipsum primis in faucibus orci luctus et ultrices posuere cubilia curae duis faucibus,skubicek2l@weather.com
Adam,faucibus orci luctus et ultrices posuere cubilia curae mauris viverra diam,cburrells2m@hugedomains.com
Evonne,metus sapien ut nunc vestibulum ante ipsum primis in faucibus orci luctus et ultrices posuere cubilia,ele2n@amazon.co.uk
Ardys,donec quis orci eget orci vehicula condimentum curabitur in libero ut massa volutpat convallis morbi odio,eskottle2o@ustream.tv
Marybeth,consectetuer adipiscing elit proin interdum mauris non ligula pellentesque ultrices phasellus id,bbyrom2p@illinois.edu
Dee dee,elementum eu interdum eu tincidunt in leo maecenas pulvinar lobortis,bstandell2q@163.com
Tallulah,parturient montes nascetur ridiculus mus vivamus vestibulum sagittis sapien cum sociis natoque penatibus et,svousden2r@addtoany.com
Sabine,nonummy maecenas tincidunt lacus at velit vivamus vel nulla eget eros elementum pellentesque quisque porta volutpat erat,cde2s@google.pl
Page,ante ipsum primis in faucibus orci luctus et ultrices posuere cubilia curae duis faucibus accumsan odio,ztrice2t@studiopress.com
Crystie,a libero nam dui proin leo odio porttitor id consequat in consequat,aharrod2u@ucoz.com
Carr,sit amet diam in magna bibendum imperdiet nullam orci pede venenatis non,hknutsen2v@unicef.org
Miguel,maecenas pulvinar lobortis est phasellus sit amet erat nulla tempus vivamus in felis eu sapien cursus vestibulum proin eu mi,cjeandel2w@technorati.com
Eugenius,vel est donec odio justo sollicitudin ut suscipit a feugiat et eros vestibulum ac,abusfield2x@mit.edu
Wally,imperdiet et commodo vulputate justo in blandit ultrices enim lorem ipsum dolor,pcanon2y@msu.edu
Ursa,sit amet diam in magna bibendum imperdiet nullam orci pede venenatis non sodales sed tincidunt eu,gjessen2z@ox.ac.uk
Aigneis,aliquet maecenas leo odio condimentum id luctus nec molestie sed justo pellentesque,efitzpatrick30@illinois.edu
Karola,cras non velit nec nisi vulputate nonummy maecenas tincidunt lacus at velit vivamus vel,zmegainey31@uol.com.br
Ulric,luctus et ultrices posuere cubilia curae duis faucibus accumsan odio curabitur convallis,ddury32@sun.com
Andre,in ante vestibulum ante ipsum primis in faucibus orci luctus et ultrices posuere cubilia curae duis faucibus,abrunsdon33@marriott.com
Yance,metus sapien ut nunc vestibulum ante ipsum primis in faucibus,fbilson34@telegraph.co.uk
Meade,erat curabitur gravida nisi at nibh in hac habitasse platea dictumst aliquam augue quam sollicitudin vitae consectetuer eget rutrum,fpimblott35@wix.com
Ravi,vulputate luctus cum sociis natoque penatibus et magnis dis parturient montes,cbunclark36@dell.com
Nathan,sed interdum venenatis turpis enim blandit mi in porttitor pede justo eu massa donec dapibus duis at velit eu,astanning37@symantec.com
Virgilio,ipsum primis in faucibus orci luctus et ultrices posuere cubilia curae duis faucibus,atinghill38@ebay.co.uk
Guy,in hac habitasse platea dictumst maecenas ut massa quis augue luctus tincidunt nulla mollis molestie,fpervoe39@intel.com
Amity,praesent blandit nam nulla integer pede justo lacinia eget tincidunt eget tempus,hfullard3a@blogs.com
Gilligan,nulla tellus in sagittis dui vel nisl duis ac nibh fusce lacus purus aliquet at feugiat,tmanderson3b@free.fr
Skell,arcu sed augue aliquam erat volutpat in congue etiam justo etiam pretium,scartner3c@alibaba.com
Clarey,luctus rutrum nulla tellus in sagittis dui vel nisl duis ac nibh fusce lacus purus aliquet,cdonoghue3d@unblog.fr
Tine,in leo maecenas pulvinar lobortis est phasellus sit amet erat nulla tempus vivamus in felis eu sapien cursus vestibulum,lburth3e@t-online.de
Melodie,ac diam cras pellentesque volutpat dui maecenas tristique est et tempus semper est quam,pemerine3f@unblog.fr
Karolina,sed justo pellentesque viverra pede ac diam cras pellentesque volutpat dui maecenas tristique est et tempus semper est quam pharetra,spurselowe3g@sakura.ne.jp
Sigrid,dis parturient montes nascetur ridiculus mus vivamus vestibulum sagittis sapien cum sociis natoque penatibus,wheliot3h@yahoo.co.jp
Marcellina,hac habitasse platea dictumst maecenas ut massa quis augue luctus tincidunt nulla mollis molestie lorem quisque,nmarte3i@etsy.com
Eileen,pede justo lacinia eget tincidunt eget tempus vel pede morbi porttitor lorem id ligula suspendisse ornare consequat,tdarnbrook3j@apache.org
Jacklin,vulputate justo in blandit ultrices enim lorem ipsum dolor sit amet consectetuer,xbattista3k@360.cn
Salem,donec diam neque vestibulum eget vulputate ut ultrices vel augue vestibulum ante ipsum primis in faucibus orci luctus,wwestmerland3l@elegantthemes.com
Cordie,montes nascetur ridiculus mus vivamus vestibulum sagittis sapien cum sociis natoque penatibus et magnis dis parturient montes nascetur ridiculus,bchue3m@ebay.com
Tripp,molestie sed justo pellentesque viverra pede ac diam cras pellentesque volutpat dui maecenas tristique est et tempus semper est quam,dstaff3n@ezinearticles.com
Osborn,suspendisse ornare consequat lectus in est risus auctor sed tristique in tempus sit amet,btinniswood3o@t-online.de
Waite,volutpat convallis morbi odio odio elementum eu interdum eu tincidunt in leo maecenas pulvinar lobortis est,khabbal3p@skyrock.com
Clarie,scelerisque quam turpis adipiscing lorem vitae mattis nibh ligula nec sem duis aliquam convallis nunc proin at,wdi3q@storify.com
Maje,quam sapien varius ut blandit non interdum in ante vestibulum ante ipsum primis,vacton3r@samsung.com
Francois,metus aenean fermentum donec ut mauris eget massa tempor convallis nulla neque libero convallis eget eleifend luctus ultricies eu nibh,vgibbard3s@soundcloud.com
Roosevelt,morbi odio odio elementum eu interdum eu tincidunt in leo maecenas pulvinar lobortis est phasellus sit amet erat nulla,fbrenstuhl3t@dropbox.com
Leonanie,libero nullam sit amet turpis elementum ligula vehicula consequat morbi a ipsum integer a nibh,fhallut3u@state.gov
Madelaine,vel enim sit amet nunc viverra dapibus nulla suscipit ligula in lacus curabitur at ipsum ac tellus,jshaw3v@ihg.com
Gilligan,nulla ultrices aliquet maecenas leo odio condimentum id luctus nec molestie,bcallicott3w@tripod.com
Thor,donec pharetra magna vestibulum aliquet ultrices erat tortor sollicitudin mi sit,cbertenshaw3x@google.co.jp
Oralla,quis libero nullam sit amet turpis elementum ligula vehicula consequat morbi a ipsum integer a nibh in quis,gbaggarley3y@123-reg.co.uk
Leonidas,tortor duis mattis egestas metus aenean fermentum donec ut mauris eget massa tempor convallis nulla neque libero convallis eget,kszymaniak3z@angelfire.com
Orran,amet nulla quisque arcu libero rutrum ac lobortis vel dapibus at diam nam tristique tortor,cszymanek40@tuttocitta.it
Judy,nisl venenatis lacinia aenean sit amet justo morbi ut odio cras mi,acunde41@buzzfeed.com
Jaime,est lacinia nisi venenatis tristique fusce congue diam id ornare imperdiet sapien urna pretium nisl ut volutpat sapien arcu sed,nriccio42@si.edu
Aloisia,magna ac consequat metus sapien ut nunc vestibulum ante ipsum primis in faucibus,agourdon43@foxnews.com
Therine,morbi non lectus aliquam sit amet diam in magna bibendum imperdiet nullam orci,rklain44@vimeo.com
Kailey,laoreet ut rhoncus aliquet pulvinar sed nisl nunc rhoncus dui vel sem sed sagittis,lcapin45@amazon.com
Westleigh,neque libero convallis eget eleifend luctus ultricies eu nibh quisque id justo sit amet sapien dignissim vestibulum vestibulum ante,spaoletti46@statcounter.com
Andonis,at velit vivamus vel nulla eget eros elementum pellentesque quisque porta volutpat erat quisque erat eros viverra eget congue,lmitchelson47@usnews.com
Devin,posuere felis sed lacus morbi sem mauris laoreet ut rhoncus aliquet pulvinar sed nisl nunc rhoncus dui,sgreguol48@telegraph.co.uk
Park,maecenas rhoncus aliquam lacus morbi quis tortor id nulla ultrices aliquet maecenas leo odio condimentum id luctus nec,bhanna49@sbwire.com
Raviv,augue aliquam erat volutpat in congue etiam justo etiam pretium iaculis justo in hac habitasse platea,fmacdonagh4a@youtube.com
Alfie,quis lectus suspendisse potenti in eleifend quam a odio in hac habitasse platea dictumst maecenas ut massa,mpitbladdo4b@xrea.com
Marianne,eu felis fusce posuere felis sed lacus morbi sem mauris laoreet,ktomlins4c@wunderground.com
Janie,lorem id ligula suspendisse ornare consequat lectus in est risus auctor sed tristique in tempus sit amet sem fusce consequat,wchristley4d@123-reg.co.uk
Bree,et ultrices posuere cubilia curae mauris viverra diam vitae quam suspendisse potenti nullam porttitor lacus at turpis donec posuere metus,wmackissack4e@homestead.com
Nerta,nibh in hac habitasse platea dictumst aliquam augue quam sollicitudin vitae consectetuer eget,ariatt4f@auda.org.au
Moreen,mauris viverra diam vitae quam suspendisse potenti nullam porttitor lacus at turpis donec posuere metus vitae ipsum,hangel4g@census.gov
Lorain,pulvinar lobortis est phasellus sit amet erat nulla tempus vivamus in felis eu,schandlar4h@ibm.com
Jeramie,sit amet consectetuer adipiscing elit proin risus praesent lectus vestibulum quam sapien varius,pkinleyside4i@bing.com
Lyndy,nam ultrices libero non mattis pulvinar nulla pede ullamcorper augue a suscipit nulla elit ac nulla sed vel enim,dcullotey4j@free.fr
Stevy,pulvinar nulla pede ullamcorper augue a suscipit nulla elit ac nulla sed vel,bsheraton4k@a8.net
Frannie,donec semper sapien a libero nam dui proin leo odio porttitor id consequat in consequat ut nulla sed accumsan,rcowen4l@boston.com
Fulvia,auctor gravida sem praesent id massa id nisl venenatis lacinia aenean sit amet justo morbi ut,scobbe4m@goo.gl
Ansell,ipsum primis in faucibus orci luctus et ultrices posuere cubilia curae duis faucibus accumsan odio curabitur convallis duis consequat,aallchorn4n@adobe.com
Nathanael,orci luctus et ultrices posuere cubilia curae mauris viverra diam vitae quam suspendisse potenti nullam porttitor lacus at turpis,ihalliburton4o@paginegialle.it
Benedikt,pulvinar sed nisl nunc rhoncus dui vel sem sed sagittis,zlaxe4p@webeden.co.uk
Berget,pede ac diam cras pellentesque volutpat dui maecenas tristique est,vattenbarrow4q@wunderground.com
Muriel,dolor vel est donec odio justo sollicitudin ut suscipit a feugiat et,fbramall4r@businessinsider.com
Dannie,in faucibus orci luctus et ultrices posuere cubilia curae donec pharetra magna vestibulum aliquet ultrices erat,cinnman4s@ameblo.jp
Jake,vivamus metus arcu adipiscing molestie hendrerit at vulputate vitae nisl aenean lectus pellentesque eget nunc donec quis orci eget,cdriffield4t@about.com
Georgie,nulla sed accumsan felis ut at dolor quis odio consequat varius integer ac leo,ciashvili4u@soundcloud.com
Madeline,morbi porttitor lorem id ligula suspendisse ornare consequat lectus in est risus auctor sed tristique in tempus sit amet sem,rchasemoore4v@woothemes.com
Travers,cras in purus eu magna vulputate luctus cum sociis natoque,khendriksen4w@virginia.edu
Ardeen,elit ac nulla sed vel enim sit amet nunc viverra dapibus nulla suscipit ligula in lacus curabitur at,aorable4x@ning.com
Roda,lorem ipsum dolor sit amet consectetuer adipiscing elit proin risus praesent lectus vestibulum quam sapien varius,msteffans4y@parallels.com
Kelly,sapien sapien non mi integer ac neque duis bibendum morbi non quam nec dui luctus rutrum nulla tellus,mcorstorphine4z@npr.org
Alvin,blandit mi in porttitor pede justo eu massa donec dapibus,cbridgstock50@ovh.net
Cordelia,luctus et ultrices posuere cubilia curae donec pharetra magna vestibulum aliquet,spaule51@msu.edu
Starlene,volutpat erat quisque erat eros viverra eget congue eget semper rutrum nulla nunc purus,ayashnov52@facebook.com
Blythe,nam dui proin leo odio porttitor id consequat in consequat ut nulla sed accumsan,aechallie53@smugmug.com
Carmen,primis in faucibus orci luctus et ultrices posuere cubilia curae donec pharetra magna vestibulum aliquet ultrices erat,whesey54@ihg.com
Claudio,pulvinar nulla pede ullamcorper augue a suscipit nulla elit ac nulla sed vel enim,gcocksedge55@archive.org
Erina,posuere felis sed lacus morbi sem mauris laoreet ut rhoncus,bwoodward56@shinystat.com
Kerry,vitae nisi nam ultrices libero non mattis pulvinar nulla pede ullamcorper augue,nmeltetal57@marriott.com
Cheston,quis lectus suspendisse potenti in eleifend quam a odio in hac habitasse,aganforthe58@imageshack.us
David,eleifend luctus ultricies eu nibh quisque id justo sit amet sapien dignissim vestibulum,mbenstead59@sbwire.com
Petronia,sed accumsan felis ut at dolor quis odio consequat varius integer ac,tjoust5a@ted.com
Hugues,neque libero convallis eget eleifend luctus ultricies eu nibh quisque id justo sit amet sapien dignissim,tguerrin5b@uol.com.br
Gaspard,fermentum donec ut mauris eget massa tempor convallis nulla neque libero convallis eget eleifend luctus ultricies eu,opearl5c@furl.net
Wenona,ridiculus mus vivamus vestibulum sagittis sapien cum sociis natoque penatibus et magnis dis parturient montes nascetur ridiculus mus etiam,lklamman5d@google.com.br
Rosalia,ut erat id mauris vulputate elementum nullam varius nulla facilisi,gsenner5e@sourceforge.net
Martie,vel augue vestibulum ante ipsum primis in faucibus orci luctus et ultrices posuere cubilia,lswinyard5f@admin.ch
Janis,non mauris morbi non lectus aliquam sit amet diam in magna,iodonohue5g@php.net
Timoteo,velit vivamus vel nulla eget eros elementum pellentesque quisque porta volutpat erat quisque erat eros,rpardie5h@dagondesign.com
Russ,venenatis lacinia aenean sit amet justo morbi ut odio cras mi pede malesuada in imperdiet et commodo vulputate,dkrzyzowski5i@stanford.edu
Kylie,turpis nec euismod scelerisque quam turpis adipiscing lorem vitae mattis nibh ligula nec sem duis aliquam convallis nunc proin,rhodges5j@ibm.com
Carrissa,morbi porttitor lorem id ligula suspendisse ornare consequat lectus in est risus auctor sed tristique in,ahymans0@printfriendly.com
Ganny,nascetur ridiculus mus etiam vel augue vestibulum rutrum rutrum neque aenean auctor gravida sem praesent id massa id nisl venenatis,eprimarolo1@cyberchimps.com
Guthrie,ante ipsum primis in faucibus orci luctus et ultrices posuere cubilia curae mauris viverra diam,niacoboni2@phpbb.com
Ruthanne,turpis nec euismod scelerisque quam turpis adipiscing lorem vitae mattis nibh ligula nec sem duis aliquam convallis nunc,rbrunetti3@google.de
Flor,tortor id nulla ultrices aliquet maecenas leo odio condimentum id luctus nec molestie sed justo pellentesque,jvarrow4@php.net
Allissa,in lacus curabitur at ipsum ac tellus semper interdum mauris ullamcorper purus sit amet nulla quisque arcu libero rutrum ac,jphilpin5@cam.ac.uk
Ayn,erat vestibulum sed magna at nunc commodo placerat praesent blandit nam nulla integer pede justo lacinia eget tincidunt,achallicum6@bloomberg.com
Adel,pellentesque viverra pede ac diam cras pellentesque volutpat dui maecenas tristique est et tempus semper,cedworthie7@seesaa.net
Ethyl,curae nulla dapibus dolor vel est donec odio justo sollicitudin ut suscipit a feugiat,dockwell8@chicagotribune.com
Carlyle,odio porttitor id consequat in consequat ut nulla sed accumsan felis ut at dolor quis odio consequat varius integer,gjerrems9@acquirethisname.com
Nicoli,faucibus orci luctus et ultrices posuere cubilia curae nulla dapibus dolor vel est donec odio,vpidona@sogou.com
Brew,quam pede lobortis ligula sit amet eleifend pede libero quis,cmcphaterb@163.com
Drake,pellentesque ultrices mattis odio donec vitae nisi nam ultrices libero non mattis pulvinar nulla pede ullamcorper augue,slisimorec@printfriendly.com
Mar,enim blandit mi in porttitor pede justo eu massa donec dapibus duis,opoyled@zdnet.com
Jerrilyn,consequat varius integer ac leo pellentesque ultrices mattis odio donec vitae nisi,ibrotherheede@friendfeed.com
Olga,pellentesque at nulla suspendisse potenti cras in purus eu magna vulputate luctus cum sociis natoque penatibus et,asapseedf@oakley.com
Fanchette,iaculis congue vivamus metus arcu adipiscing molestie hendrerit at vulputate vitae nisl aenean lectus pellentesque eget nunc donec quis orci,hhugoning@businessinsider.com
Siana,tincidunt lacus at velit vivamus vel nulla eget eros elementum pellentesque,bmatschukh@umn.edu
Tomkin,viverra dapibus nulla suscipit ligula in lacus curabitur at ipsum,myerletti@cpanel.net
Even,dui vel nisl duis ac nibh fusce lacus purus aliquet at feugiat non pretium,jschulzj@pinterest.com
Stuart,mauris vulputate elementum nullam varius nulla facilisi cras non velit nec nisi vulputate nonummy maecenas tincidunt lacus,mheakinsk@latimes.com
Lenka,pede ullamcorper augue a suscipit nulla elit ac nulla sed vel enim sit amet nunc viverra dapibus nulla suscipit,gmalcolmsonl@google.com.hk
Goldina,sollicitudin ut suscipit a feugiat et eros vestibulum ac est lacinia nisi,bbettem@loc.gov
Noami,eu sapien cursus vestibulum proin eu mi nulla ac enim in tempor turpis nec,lecklyn@dyndns.org
Elisha,praesent blandit lacinia erat vestibulum sed magna at nunc commodo placerat praesent,gclemono@columbia.edu
Russell,vitae nisi nam ultrices libero non mattis pulvinar nulla pede ullamcorper augue a suscipit nulla elit ac nulla sed,thesserp@rambler.ru
Nannette,at nunc commodo placerat praesent blandit nam nulla integer pede justo,vshawcroftq@nih.gov
Meryl,cum sociis natoque penatibus et magnis dis parturient montes nascetur ridiculus mus etiam vel augue vestibulum,ldysertr@indiatimes.com
Earlie,sed justo pellentesque viverra pede ac diam cras pellentesque volutpat dui maecenas tristique,sdonahos@uiuc.edu
Ailyn,rhoncus mauris enim leo rhoncus sed vestibulum sit amet cursus id turpis integer aliquet massa id,kblythingt@prweb.com
Lian,accumsan tellus nisi eu orci mauris lacinia sapien quis libero nullam sit amet turpis elementum,hcherringtonu@gov.uk
Elisabetta,eleifend pede libero quis orci nullam molestie nibh in lectus,ldumberellv@state.tx.us
Thurston,venenatis turpis enim blandit mi in porttitor pede justo eu massa donec,gshutlew@mtv.com
Putnam,euismod scelerisque quam turpis adipiscing lorem vitae mattis nibh ligula,rantognozziix@multiply.com
Carita,justo pellentesque viverra pede ac diam cras pellentesque volutpat dui,srojasy@yolasite.com
Brunhilde,luctus et ultrices posuere cubilia curae mauris viverra diam vitae quam suspendisse potenti,dhindshawz@sogou.com
Pip,ipsum ac tellus semper interdum mauris ullamcorper purus sit amet nulla quisque arcu,abancroft10@google.nl
Inglebert,lectus in quam fringilla rhoncus mauris enim leo rhoncus sed vestibulum sit amet cursus,amunehay11@people.com.cn
Pamela,vel pede morbi porttitor lorem id ligula suspendisse ornare consequat lectus in est risus auctor sed tristique,aconway12@wordpress.com
Gwendolin,dictumst morbi vestibulum velit id pretium iaculis diam erat fermentum,rfordy13@google.cn
Jammal,volutpat dui maecenas tristique est et tempus semper est quam,smccullogh14@ted.com
Cody,eget tempus vel pede morbi porttitor lorem id ligula suspendisse ornare consequat lectus in est,jtuhy15@fotki.com
Francisco,ipsum praesent blandit lacinia erat vestibulum sed magna at nunc,ltewkesberrie16@cocolog-nifty.com
Chrissy,sapien iaculis congue vivamus metus arcu adipiscing molestie hendrerit at vulputate vitae nisl,kbriddock17@washington.edu
Jaquith,rhoncus mauris enim leo rhoncus sed vestibulum sit amet cursus id turpis integer aliquet massa id lobortis convallis tortor risus,agiddings18@facebook.com
Noak,quis turpis eget elit sodales scelerisque mauris sit amet eros suspendisse accumsan,dmc19@themeforest.net
Marissa,vulputate nonummy maecenas tincidunt lacus at velit vivamus vel nulla eget eros elementum pellentesque quisque porta,kburchmore1a@youtube.com
Shepperd,integer tincidunt ante vel ipsum praesent blandit lacinia erat vestibulum sed magna at nunc commodo placerat praesent blandit,cburnhams1b@usnews.com
Jaclin,ut erat id mauris vulputate elementum nullam varius nulla facilisi cras non velit,bbonnesen1c@pagesperso-orange.fr
Dulcinea,pharetra magna ac consequat metus sapien ut nunc vestibulum ante ipsum,mbreach1d@amazon.co.uk
Barth,sit amet turpis elementum ligula vehicula consequat morbi a ipsum integer a nibh in quis justo maecenas rhoncus,mkikke1e@studiopress.com
Cordy,in faucibus orci luctus et ultrices posuere cubilia curae duis faucibus,mhache1f@indiegogo.com
Petronella,odio odio elementum eu interdum eu tincidunt in leo maecenas pulvinar,gmargrem1g@de.vu
Cara,erat vestibulum sed magna at nunc commodo placerat praesent blandit nam nulla integer pede justo lacinia eget tincidunt eget tempus,vwalklate1h@columbia.edu
Suzi,vel lectus in quam fringilla rhoncus mauris enim leo rhoncus sed vestibulum sit amet cursus id turpis,lsambals1i@businessinsider.com
Steve,congue vivamus metus arcu adipiscing molestie hendrerit at vulputate vitae nisl aenean lectus pellentesque eget nunc donec,oarnaut1j@cbslocal.com
Pearle,faucibus orci luctus et ultrices posuere cubilia curae duis faucibus accumsan,jorodane1k@imdb.com
Aubine,molestie nibh in lectus pellentesque at nulla suspendisse potenti cras,astevings1l@twitpic.com
Lexy,nulla sed accumsan felis ut at dolor quis odio consequat varius integer ac leo pellentesque ultrices,hreame1m@feedburner.com
Patrick,in hac habitasse platea dictumst aliquam augue quam sollicitudin vitae consectetuer eget rutrum at lorem,ilevermore1n@weibo.com
Jedidiah,a feugiat et eros vestibulum ac est lacinia nisi venenatis tristique fusce,bgehrtz1o@businessinsider.com
Janice,varius ut blandit non interdum in ante vestibulum ante ipsum primis in,cleask1p@psu.edu
Arron,ac diam cras pellentesque volutpat dui maecenas tristique est et tempus semper est quam pharetra magna ac consequat,pbeadles1q@seattletimes.com
Raleigh,nulla pede ullamcorper augue a suscipit nulla elit ac nulla sed vel enim sit amet nunc viverra,astreater1r@rediff.com
Tuckie,viverra dapibus nulla suscipit ligula in lacus curabitur at ipsum ac tellus semper interdum mauris ullamcorper,ghummerston1s@guardian.co.uk
Dinnie,dui vel nisl duis ac nibh fusce lacus purus aliquet at feugiat non pretium quis lectus suspendisse potenti in,mmorena1t@pbs.org
Sebastien,lorem ipsum dolor sit amet consectetuer adipiscing elit proin interdum mauris non ligula pellentesque ultrices phasellus,alambart1u@microsoft.com
Lorilee,est quam pharetra magna ac consequat metus sapien ut nunc vestibulum ante ipsum primis in faucibus orci luctus,gashurst1v@webeden.co.uk
Aubrey,quam a odio in hac habitasse platea dictumst maecenas ut,ctullett1w@imdb.com
Emelita,id nisl venenatis lacinia aenean sit amet justo morbi ut odio cras mi,dahearne1x@hibu.com
Dotti,eget tincidunt eget tempus vel pede morbi porttitor lorem id ligula suspendisse ornare consequat lectus in est,apammenter1y@mayoclinic.com
Reyna,turpis a pede posuere nonummy integer non velit donec diam neque vestibulum eget vulputate ut,kraiston1z@oracle.com
Yorgo,in blandit ultrices enim lorem ipsum dolor sit amet consectetuer adipiscing elit proin,jshemwell20@drupal.org
Stephan,quisque erat eros viverra eget congue eget semper rutrum nulla,tcurrey21@cam.ac.uk
Wilhelmine,purus aliquet at feugiat non pretium quis lectus suspendisse potenti in,dsaunderson22@guardian.co.uk
Janean,congue elementum in hac habitasse platea dictumst morbi vestibulum velit id pretium iaculis diam erat fermentum justo nec condimentum,mcarluccio23@cpanel.net
Guillema,quam a odio in hac habitasse platea dictumst maecenas ut massa quis augue,ocunnington24@webnode.com
Hallie,sit amet eros suspendisse accumsan tortor quis turpis sed ante,lgaiger25@amazon.com
Christen,eget massa tempor convallis nulla neque libero convallis eget eleifend luctus ultricies eu nibh quisque,bmcgreil26@ucoz.com
Reiko,phasellus in felis donec semper sapien a libero nam dui proin leo odio porttitor id consequat in consequat,rcoots27@usgs.gov
Suzann,pretium iaculis justo in hac habitasse platea dictumst etiam faucibus cursus urna ut,taslin28@telegraph.co.uk
Kylila,bibendum imperdiet nullam orci pede venenatis non sodales sed tincidunt eu felis fusce,loxenbury29@cam.ac.uk
Kile,turpis nec euismod scelerisque quam turpis adipiscing lorem vitae mattis nibh ligula nec sem duis aliquam convallis nunc,amarder2a@sphinn.com
Eda,id sapien in sapien iaculis congue vivamus metus arcu adipiscing molestie hendrerit at vulputate vitae nisl aenean lectus pellentesque,vharrild2b@wunderground.com
Filmer,proin at turpis a pede posuere nonummy integer non velit donec diam neque,paimson2c@google.co.uk
Juliane,venenatis tristique fusce congue diam id ornare imperdiet sapien urna pretium nisl,aedghinn2d@ezinearticles.com
Mal,semper sapien a libero nam dui proin leo odio porttitor id consequat in consequat ut,gnourse2e@google.com.br
Irv,integer non velit donec diam neque vestibulum eget vulputate ut ultrices vel augue vestibulum ante ipsum primis in faucibus orci,bkingcott2f@rambler.ru
Bonni,ipsum dolor sit amet consectetuer adipiscing elit proin risus praesent lectus vestibulum quam sapien varius,mfowkes2g@nydailynews.com
Israel,erat eros viverra eget congue eget semper rutrum nulla nunc purus phasellus in felis donec semper sapien a libero nam,ebunt2h@discovery.com
Berenice,ipsum dolor sit amet consectetuer adipiscing elit proin risus praesent lectus vestibulum,tprati2i@cmu.edu
Menard,dapibus nulla suscipit ligula in lacus curabitur at ipsum ac tellus,asimeonov2j@posterous.com
Jakie,sem fusce consequat nulla nisl nunc nisl duis bibendum felis sed interdum venenatis turpis,fboustead2k@e-recht24.de
Samuel,cubilia curae duis faucibus accumsan odio curabitur convallis duis consequat dui nec nisi volutpat,skubicek2l@weather.com
Norby,felis donec semper sapien a libero nam dui proin leo odio porttitor,cburrells2m@hugedomains.com
Jehanna,justo pellentesque viverra pede ac diam cras pellentesque volutpat dui maecenas tristique est et tempus semper est quam,ele2n@amazon.co.uk
Gasper,justo aliquam quis turpis eget elit sodales scelerisque mauris sit amet eros suspendisse accumsan tortor quis turpis sed ante vivamus,eskottle2o@ustream.tv
Jade,justo etiam pretium iaculis justo in hac habitasse platea dictumst etiam faucibus cursus urna ut tellus nulla ut erat id,bbyrom2p@illinois.edu
Wylie,primis in faucibus orci luctus et ultrices posuere cubilia curae donec,bstandell2q@163.com
Car,potenti cras in purus eu magna vulputate luctus cum sociis natoque penatibus et magnis dis parturient,svousden2r@addtoany.com
