email,name,password
jmoff0@theglobeandmail.com,Jerrie Moff,ACrs3WKaUtC
mbaswall1@netscape.com,Morgan Baswall,0CxnuW
kboyan2@amazonaws.com,Kandy Boyan,wckd2T
hgirdwood3@ehow.com,Harli Girdwood,3Hty7mC5d9
sglynne4@angelfire.com,Skip Glynne,7lT1ycML1
lfessler5@123-reg.co.uk,Lynnette Fessler,mneoGoxA9BF
ddi6@redcross.org,Dal Di Nisco,uG337KP
itwigg7@php.net,Irwinn Twigg,BWH3921X
lcota8@alexa.com,Lacey Cota,WxEgDC
mcatford9@foxnews.com,Murdoch Catford,jygvQ38nU1xY
lpollingtona@mozilla.com,Lemar Pollington,54H3v2t5dP87
mblaineb@feedburner.com,Mano Blaine,WDySYzC6u
owardropec@go.com,Obediah Wardrope,FfYaRA
lshilstoned@apache.org,Lloyd Shilstone,mReMYg
scossome@parallels.com,Shanan Cossom,5rLj4lL
melvishf@yandex.ru,Marni Elvish,wqvMDU
geassebyg@salon.com,Giacinta Easseby,UvmiNXc8
afuttyh@moonfruit.com,Alexandrina Futty,navzZVFMS
emaragai@amazon.co.uk,Ezmeralda Maraga,sWlxhRBiEB3t
amapplethorpej@comcast.net,Allie Mapplethorpe,QxZ2y0aJVc
lstrongk@plala.or.jp,Livvy Strong,paaLcvRG
asaintsburyl@joomla.org,Armstrong Saintsbury,KClqeAdS
vokeavenym@abc.net.au,Verla O'Keaveny,VAtuJNt5
jlindenbluthn@ustream.tv,Jemmy Lindenbluth,VgrYsjWegok
wjersono@google.com.hk,Wilhelmina Jerson,OrfgAxVgODb
edurandp@netvibes.com,Ellissa Durand,YCEOf2a2noG
hmunginq@amazon.co.uk,Haley Mungin,ZGj1eyuErre
cgorgesr@cbsnews.com,Consalve Gorges,IOwYngfJ
bquiddintons@whitehouse.gov,Berna Quiddinton,TWMzdiMT796
degintont@blogger.com,Donia Eginton,8MeT8Ef
pjellimanu@wordpress.org,Pepe Jelliman,bjg94e
dfransoniv@bbb.org,Dasi Fransoni,arpvvz
wcollomossew@sun.com,Wally Collomosse,Wt3iLu
jkirknessx@is.gd,Jaquelyn Kirkness,1gn0Jf
kdurnfordy@webmd.com,Kailey Durnford,MUeM4cJ
lbusswellz@oracle.com,Lynnet Busswell,8mU2DC2
rbramah10@dropbox.com,Robinetta Bramah,inY6v3f9Tm
cwhitchurch11@dot.gov,Carissa Whitchurch,fwc0EvOZvGyi
amival12@archive.org,Annemarie Mival,uS7PQEPO
dburgise13@twitpic.com,Dido Burgise,ywCGsLEd
sdarkott14@apache.org,Shani Darkott,lQm0e2nzJpz
kfoale15@soup.io,Katine Foale,bPDZZB53G
sphoenix16@patch.com,Simmonds Phoenix,2gH3KmlsA2nw
csmeed17@globo.com,Corney Smeed,cgh0sw
vgabe18@abc.net.au,Vick Gabe,YyHVxxq
tgenthner19@smh.com.au,Thia Genthner,TDqnA2ZDt
mcaygill1a@cnet.com,Meredith Caygill,GlrYUT
jnelissen1b@simplemachines.org,Johann Nelissen,6enobl6qNn7
lklink1c@washingtonpost.com,Lorri Klink,v5PvT32
ymaureen1d@taobao.com,Ynes Maureen,ISx6CVA
