email,name,password,location
ahymans0@printfriendly.com,Aviva Hymans,igo3WjI,West
eprimarolo1@cyberchimps.com,Elly Primarolo,xRDYSR,North-East
niacoboni2@phpbb.com,Nari Iacoboni,3pNlJn,North-East
rbrunetti3@google.de,Roderic Brunetti,BvPA8kX,East
jvarrow4@php.net,Jeanna Varrow,tQWnZT,North-East
jphilpin5@cam.ac.uk,Joshuah Philpin,KHyjTyRWUpd,North-East
achallicum6@bloomberg.com,Amandie Challicum,DPEqAjLVYM,West
cedworthie7@seesaa.net,Cherish Edworthie,Gp2PT2,West
dockwell8@chicagotribune.com,Dulsea Ockwell,bIkEKEJird,North-East
gjerrems9@acquirethisname.com,Goraud Jerrems,2UqKc0ZA,West
vpidona@sogou.com,Vivi Pidon,pUOnUx09OSRJ,North-East
cmcphaterb@163.com,Cleon McPhater,7cGEh3D,West
slisimorec@printfriendly.com,Sanford Lisimore,5BlmJuoIy,West
opoyled@zdnet.com,Otis Poyle,KwMwN7,North-East
ibrotherheede@friendfeed.com,Ilaire Brotherheed,WO0yAHrYoJB2,West
asapseedf@oakley.com,Alena Sapseed,pskq4Z,Central
hhugoning@businessinsider.com,Halsy Hugonin,6DNMadSkUvK,Central
bmatschukh@umn.edu,Bobina Matschuk,EPJy9gS8GQNe,West
myerletti@cpanel.net,Matilde Yerlett,vC4zzSVraeM,West
jschulzj@pinterest.com,Jeramey Schulz,7tYzeuqCP3l,West
mheakinsk@latimes.com,Mathian Heakins,tUEXJXRpd7y,West
gmalcolmsonl@google.com.hk,Gabriel Malcolmson,go7n8tpWeLZ,West
bbettem@loc.gov,Basia Bette,QAbVv65tj,North
lecklyn@dyndns.org,Lara Eckly,lBKFbj30j,West
gclemono@columbia.edu,Genni Clemon,P3AoC4ga,West
thesserp@rambler.ru,Thornie Hesser,hcGcBt7XoVvh,North-East
vshawcroftq@nih.gov,Valenka Shawcroft,P9sgObtYOjWd,West
ldysertr@indiatimes.com,Laney Dysert,n5EnQNL,North-East
sdonahos@uiuc.edu,Shirline Donaho,7RN8561LfDwC,North
kblythingt@prweb.com,Karalynn Blything,DZXBggI,West
hcherringtonu@gov.uk,Hymie Cherrington,7gMvkBFcCMa,West
ldumberellv@state.tx.us,Lauritz Dumberell,mU1n7R,North
gshutlew@mtv.com,Gay Shutle,vZjqmS,West
rantognozziix@multiply.com,Renado Antognozzii,RCvTz6,West
srojasy@yolasite.com,Schuyler Rojas,o394IgcgEO,West
dhindshawz@sogou.com,Denice Hindshaw,A0CnPW5uv2v,North-East
abancroft10@google.nl,Angelle Bancroft,9yLpcCycy7b8,West
amunehay11@people.com.cn,Arabella Munehay,28lfGnyd,West
aconway12@wordpress.com,Amil Conway,mug8dVhcp6,West
rfordy13@google.cn,Rick Fordy,G15vjDGILn,North
smccullogh14@ted.com,Si McCullogh,WBbNdMx,East
jtuhy15@fotki.com,Justina Tuhy,u9elh9,West
ltewkesberrie16@cocolog-nifty.com,Lenore Tewkesberrie,q8ASYTbTfSHh,North-East
kbriddock17@washington.edu,Kathryne Briddock,KSc93OLsLQQF,East
agiddings18@facebook.com,Auria Giddings,KO1Zg5,West
dmc19@themeforest.net,Donn Mc Gee,EJubBNm,West
kburchmore1a@youtube.com,Kate Burchmore,4ySxZdWd,West
cburnhams1b@usnews.com,Corbett Burnhams,TX2OQjl,North-East
bbonnesen1c@pagesperso-orange.fr,Bette Bonnesen,QidIrUhz7p3,East
mbreach1d@amazon.co.uk,Mallory Breach,HFPRIvEZ0a,North-East
mkikke1e@studiopress.com,Mario Kikke,rB7Kuo2y5S5,West
mhache1f@indiegogo.com,Morgan Hache,1Zf33h4i,West
gmargrem1g@de.vu,Glynis Margrem,iKRsEDgUC,West
vwalklate1h@columbia.edu,Velvet Walklate,414aHsPIlbm,West
lsambals1i@businessinsider.com,Lesley Sambals,IqhBIIjL,West
oarnaut1j@cbslocal.com,Ofilia Arnaut,KsjGdbdzSt3,North-East
jorodane1k@imdb.com,Jerrold O'Rodane,wjVXakeon,North-East
astevings1l@twitpic.com,Alonso Stevings,PjN1Qi2,North
hreame1m@feedburner.com,Hannis Reame,6JUI5yY3lDY,Central
ilevermore1n@weibo.com,Inness Levermore,U80mDTKbTp4h,West
bgehrtz1o@businessinsider.com,Bari Gehrtz,QrJOUKG,West
cleask1p@psu.edu,Charmaine Leask,uPVbZEY,West
pbeadles1q@seattletimes.com,Paul Beadles,czsoUv8utzG7,West
astreater1r@rediff.com,Agatha Streater,AMDuuJ75SCv,West
ghummerston1s@guardian.co.uk,Gare Hummerston,7Qj1z8Lr8jzO,West
mmorena1t@pbs.org,Marsha Morena,wUVIdPswI5K,West
alambart1u@microsoft.com,Angie Lambart,udF0oy1c3hd,West
gashurst1v@webeden.co.uk,Garvin Ashurst,Bo5HfIW,East
ctullett1w@imdb.com,Cordey Tullett,LSK71RZ,West
dahearne1x@hibu.com,Dorena Ahearne,NDrnks37d8,North-East
apammenter1y@mayoclinic.com,Annabell Pammenter,PmIcUtP,Central
kraiston1z@oracle.com,Katrina Raiston,SAuEH5C,West
jshemwell20@drupal.org,Jazmin Shemwell,zFKSF91S,West
tcurrey21@cam.ac.uk,Tilda Currey,zRM1Z1zq,West
dsaunderson22@guardian.co.uk,Dennis Saunderson,vjF7B1ZF,West
mcarluccio23@cpanel.net,Moore Carluccio,QK2E886qN,North-East
ocunnington24@webnode.com,Olivia Cunnington,MroGhMj,West
lgaiger25@amazon.com,Lanae Gaiger,NQLMmPZ,East
bmcgreil26@ucoz.com,Brynne McGreil,Hm6Zj5c9dSd,North-East
rcoots27@usgs.gov,Randal Coots,92j9HxEl,North
taslin28@telegraph.co.uk,Trixi Aslin,1GWbEWl17sEf,North-East
loxenbury29@cam.ac.uk,Latia Oxenbury,qomak3J,East
amarder2a@sphinn.com,April Marder,9f3LUB,East
vharrild2b@wunderground.com,Vincent Harrild,nwaCOdB59MZi,East
paimson2c@google.co.uk,Paulie Aimson,KpF6pSMU,North-East
aedghinn2d@ezinearticles.com,Alessandro Edghinn,LYsll3Iu,North-East
gnourse2e@google.com.br,Guenevere Nourse,qSuphB,West
bkingcott2f@rambler.ru,Brien Kingcott,In7LBlPVM,West
mfowkes2g@nydailynews.com,Meir Fowkes,Hg9V0w,West
ebunt2h@discovery.com,Elwin Bunt,hVR6Lwn56g,North-East
tprati2i@cmu.edu,Tim Prati,x0MNqEVTkvZ,West
asimeonov2j@posterous.com,Arluene Simeonov,h1eAbXYne4j,North-East
fboustead2k@e-recht24.de,Fenelia Boustead,QT30cs,East
skubicek2l@weather.com,Starr Kubicek,W1tvzHtwcsg5,West
cburrells2m@hugedomains.com,Creight Burrells,WeudL5o0,East
ele2n@amazon.co.uk,Eunice Le Teve,aGAsd94iBaY,North-East
eskottle2o@ustream.tv,Elenore Skottle,VDemrLTMiSbN,West
bbyrom2p@illinois.edu,Bo Byrom,PhPCQwLsLv1b,West
bstandell2q@163.com,Blinni Standell,6Zmhi1DtyV7,West
svousden2r@addtoany.com,Sydney Vousden,iAkqmH4uRd,North
cde2s@google.pl,Cindee De Biaggi,BCvAsMRxIkuk,Central
ztrice2t@studiopress.com,Zandra Trice,MDTPMRbqoM,West
aharrod2u@ucoz.com,Adolph Harrod,Iglaeq73vK9,East
hknutsen2v@unicef.org,Hatty Knutsen,WF4IXCGmu,West
cjeandel2w@technorati.com,Caril Jeandel,2tO3mVcM,West
abusfield2x@mit.edu,Adey Busfield,HnjABlBEziZ,North-East
pcanon2y@msu.edu,Pip Canon,otbWdr,West
gjessen2z@ox.ac.uk,Guendolen Jessen,ncLiCr,East
efitzpatrick30@illinois.edu,Eldon Fitzpatrick,z4kYjWqtJ,West
zmegainey31@uol.com.br,Zahara Megainey,E6Yn3Fan,West
ddury32@sun.com,Deanne Dury,j3FVJ5GJ9,West
abrunsdon33@marriott.com,Aharon Brunsdon,lTicdxrpw57,West
fbilson34@telegraph.co.uk,Filip Bilson,AkS2oal,West
fpimblott35@wix.com,Fionnula Pimblott,Lj1BaDRzCdrC,West
cbunclark36@dell.com,Clem Bunclark,8NIJsY0WSru,North
astanning37@symantec.com,Ahmad Stanning,E1IHBu,North-East
atinghill38@ebay.co.uk,Alexandrina Tinghill,68b8KKJ8,North-East
fpervoe39@intel.com,Fayina Pervoe,PN0oLOxbx,North
hfullard3a@blogs.com,Hobard Fullard,fuZSGw9mQyZ8,West
tmanderson3b@free.fr,Therese Manderson,AP6t6JAxCPP,North-East
scartner3c@alibaba.com,Sig Cartner,11kUZYN,West
cdonoghue3d@unblog.fr,Cathi Donoghue,2FmILB3UuIw,West
lburth3e@t-online.de,Lowe Burth,dzakwPmWkRjQ,North-East
pemerine3f@unblog.fr,Padgett Emerine,YkuuBuOlD,West
spurselowe3g@sakura.ne.jp,Shell Purselowe,NditFOs,North
wheliot3h@yahoo.co.jp,Wanids Heliot,y1Kg4At,Central
nmarte3i@etsy.com,Netty Marte,2yIPdI,North-East
tdarnbrook3j@apache.org,Tarrah Darnbrook,o2YIiGKd,West
xbattista3k@360.cn,Ximenes Battista,Mf0X0ylTx,Central
wwestmerland3l@elegantthemes.com,Werner Westmerland,R3eRsFl,West
bchue3m@ebay.com,Beauregard Chue,McdBcdU0tri,West
dstaff3n@ezinearticles.com,Delmar Staff,kfG2o5aW8,West
btinniswood3o@t-online.de,Boony Tinniswood,b542wmd5u5,North-East
khabbal3p@skyrock.com,Kenna Habbal,ZE9I8JUW,North
wdi3q@storify.com,Wren Di Bartolommeo,Yl1HvE,North-East
vacton3r@samsung.com,Valentino Acton,0aDQwVHpjZ7,East
vgibbard3s@soundcloud.com,Viviana Gibbard,bO0C81DV,West
fbrenstuhl3t@dropbox.com,Francisca Brenstuhl,G0KMLiXOMvXE,West
fhallut3u@state.gov,Floria Hallut,dneL2OOpwu,West
jshaw3v@ihg.com,Joan Shaw,jnMAJ8jk5bpW,East
bcallicott3w@tripod.com,Blanca Callicott,GhkhWPv,East
cbertenshaw3x@google.co.jp,Carlyn Bertenshaw,JNgk2uZ,North-East
gbaggarley3y@123-reg.co.uk,Gigi Baggarley,DIVMXyoglk,West
kszymaniak3z@angelfire.com,Krishnah Szymaniak,BwI3bj,West
cszymanek40@tuttocitta.it,Corinna Szymanek,COiipqTOh54,West
acunde41@buzzfeed.com,Anatollo Cunde,k8Nxle,West
nriccio42@si.edu,Noelani Riccio,0aTF7a2bfWCp,West
agourdon43@foxnews.com,Algernon Gourdon,HmDsFZy,West
rklain44@vimeo.com,Reynolds Klain,ZNpCKPC4,West
lcapin45@amazon.com,Lilias Capin,z0AXf3oKCVT,West
spaoletti46@statcounter.com,Sheryl Paoletti,Y84bZhl,West
lmitchelson47@usnews.com,Loleta Mitchelson,VNz2OwF,West
sgreguol48@telegraph.co.uk,Stesha Greguol,W8WlRCYDF3Y,West
bhanna49@sbwire.com,Blithe Hanna,Os0O15kl,West
fmacdonagh4a@youtube.com,Frankie MacDonagh,y2kxze,North-East
mpitbladdo4b@xrea.com,Mendie Pitbladdo,Fxh3Xmk,North-East
ktomlins4c@wunderground.com,Karalee Tomlins,55IZQAERc,North-East
wchristley4d@123-reg.co.uk,Wynn Christley,9l4s3K,East
wmackissack4e@homestead.com,Waite MacKissack,AC82GGCrH,North
ariatt4f@auda.org.au,Adorne Riatt,M1m8k7jF,North-East
hangel4g@census.gov,Hana Angel,8aiNs4G9FGqS,West
schandlar4h@ibm.com,Salvatore Chandlar,Pe1GjZv,East
pkinleyside4i@bing.com,Pail Kinleyside,Q1j3Y3,West
dcullotey4j@free.fr,Dorthea Cullotey,nP4QeRTCvIYt,West
bsheraton4k@a8.net,Bella Sheraton,LsVbh4bF,West
rcowen4l@boston.com,Regen Cowen,UT9v4bw,North-East
scobbe4m@goo.gl,Shirleen Cobbe,okR5zgbnMkf,West
aallchorn4n@adobe.com,Augustin Allchorn,c9xzQ7,West
ihalliburton4o@paginegialle.it,Iseabal Halliburton,NDbDROUT,North-East
zlaxe4p@webeden.co.uk,Zaneta Laxe,BACEvbnSo,Central
vattenbarrow4q@wunderground.com,Valentin Attenbarrow,4GkbPR6DO7K,West
fbramall4r@businessinsider.com,Fidelity Bramall,IlcNH4I,West
cinnman4s@ameblo.jp,Celia Innman,yDUPgo,North-East
cdriffield4t@about.com,Cherilyn Driffield,vIYK06V,West
ciashvili4u@soundcloud.com,Cristen Iashvili,5eqN5GarNk,East
rchasemoore4v@woothemes.com,Rachelle Chasemoore,YyRmo1gD,North-East
khendriksen4w@virginia.edu,Katya Hendriksen,LGwTfGB,North-East
aorable4x@ning.com,Alisun Orable,2RO8VYy,West
msteffans4y@parallels.com,Miriam Steffans,7fHkHwC,West
mcorstorphine4z@npr.org,Moyra Corstorphine,kywqSdDp,North
cbridgstock50@ovh.net,Cordula Bridgstock,IlgWHh9,West
spaule51@msu.edu,Sayer Paule,UDKOyDX,West
ayashnov52@facebook.com,Aurlie Yashnov,tGDSjRtyRA0R,West
aechallie53@smugmug.com,Aluin Echallie,5Z334WmNDs6C,West
whesey54@ihg.com,Wynnie Hesey,UaTNZ4b,West
gcocksedge55@archive.org,Galen Cocksedge,hUjYFVpsn,North-East
bwoodward56@shinystat.com,Bunny Woodward,Xb9Fk951t4b,West
nmeltetal57@marriott.com,Nehemiah Meltetal,lGfRB8F,North-East
aganforthe58@imageshack.us,Alfred Ganforthe,DmAm3Eg,North
mbenstead59@sbwire.com,Marietta Benstead,SQ04w98,North-East
tjoust5a@ted.com,Tripp Joust,ETHCIJ0,West
tguerrin5b@uol.com.br,Tresa Guerrin,V1nL3JH2Y,West
opearl5c@furl.net,Orbadiah Pearl,3l0jPuQZND,North-East
lklamman5d@google.com.br,Leah Klamman,m9f7udEC7,Central
gsenner5e@sourceforge.net,Gunner Senner,JwdwyurKXRF6,North-East
lswinyard5f@admin.ch,Loy Swinyard,CIRpCV3O,North-East
iodonohue5g@php.net,Idette O'Donohue,eCimCm,West
rpardie5h@dagondesign.com,Roze Pardie,Qj4h5gd,North-East
dkrzyzowski5i@stanford.edu,Dasha Krzyzowski,coigJE5Pt,North-East
rhodges5j@ibm.com,Roberta Hodges,FMUstvB1vCek,West
